geometry,n,CV,L_m,ak,sd_pred_loglinear,sd_pred_lognormal,sd_pred_mc,mean_pred_mc,mae_pred_mc,sd_pred_mc_se,sd_mc_m_median,sd_mc_m_lo,sd_mc_m_hi,sd_emp_total,mean_emp_total,mae_emp_total,sd_emp_total_lo,sd_emp_total_hi,sd_emp_pure,mean_emp_pure,mae_emp_pure,sd_emp_pure_lo,sd_emp_pure_hi,m_realizations
open_path,1,0.5,100.0,0.9998816992984155,0.08250242573892148,0.0845176434927939,0.08319806003281814,-0.000832429965831768,0.0653805336377131,0.0009302988837767895,0.07772109782870387,0.04039016159745166,0.13183485627256455,0.04135813406996896,-0.012530316771849362,0.03608861588460294,0.027344929090964205,0.08417505599935221,0.043766166847775616,-0.0329912994833066,0.04393356210982299,0.02893705811318849,0.08907605790570594,8
open_path,1,0.5,250.0,0.9998816992984155,0.11929653220825472,0.12344527777557376,0.1222601063509092,0.003510748541201225,0.0966668996422211,0.0013670804394215123,0.11481693831836737,0.05851982807471033,0.1951709265464705,0.05512502582930202,-0.01957487528778205,0.04609479435125595,0.03644724203199444,0.11219442657391426,0.05456523862292776,-0.0413430287685804,0.05597178023953065,0.03607712520229327,0.11105510729600494,8
open_path,1,0.5,500.0,0.9998816992984155,0.12606260525836654,0.1325736718206735,0.1282956656062449,0.00306028987058425,0.10119328599406098,0.001434568479839674,0.11857567139726242,0.06116575297911249,0.2020630115342059,0.1111244122013707,0.04517668191021995,0.08984109878259461,0.07347258865162434,0.22616841475780095,0.12143528105494764,0.03728774696650966,0.09916225231793896,0.08028986858959965,0.24715383836718058,8
open_path,1,1.0,100.0,0.9998816992984155,0.14540765751726872,0.15726382740342973,0.1560002051675082,0.0019893516775691027,0.11908034275867109,0.0017443533740935375,0.1395737230931056,0.0706709957416208,0.27360829750269244,0.0789666972900636,-0.04023238765864655,0.07355715785336378,0.05221073886677995,0.16071871509555236,0.07940932165376406,-0.06411894219653236,0.08397983117054797,0.05250339065370162,0.16161957610969124,8
open_path,1,1.0,250.0,0.9998816992984155,0.21025599117811444,0.23456905173516718,0.22158423885686743,0.005644097126718801,0.1692001322486808,0.002477696835596405,0.19975401762130654,0.10199125500636874,0.3972204907359375,0.09871040931156216,-0.05693167117765818,0.08881766707680464,0.06526477085736537,0.20090254114130926,0.09204298103403305,-0.08324514899732235,0.10377452660244603,0.06085643964107605,0.18733251045077579,8
open_path,1,1.0,500.0,0.9998816992984155,0.2221809597350492,0.2604978039012791,0.22144164188423754,0.006281352616654249,0.17023653187332843,0.0024761023536527733,0.19945686519921607,0.09375939733699158,0.38112186549373755,0.2047967729491102,0.06025090049378395,0.1590913946717325,0.13540633203803332,0.4168171562651668,0.22217489182830064,0.060746934968002056,0.17859568074884896,0.1468962949962719,0.45218635661024303,8
open_path,1,2.0,100.0,0.9998816992984155,0.2215703589881211,0.27051205251869626,0.25543945301910553,0.00823746321148802,0.18374639567774056,0.0028562569598677,0.2143500126903644,0.09955673236787972,0.5129073430679085,0.14993073662774678,-0.08144670743884287,0.13517891284163994,0.09913032717350642,0.30514984380856486,0.1508095208194229,-0.11505878855500853,0.14731011364928687,0.0997113565634443,0.30693840874770206,8
open_path,1,2.0,250.0,0.9998816992984155,0.3203854338909586,0.41956279437060073,0.3275490679312583,0.004795770640498758,0.24090049514472195,0.0036625677588921993,0.2828665908341813,0.13125450931970561,0.5720740993075831,0.16365483413508958,-0.1070331344422768,0.15006671312834502,0.10820434566140212,0.33308211643640534,0.15003663910388906,-0.14358032266009718,0.17176370915856903,0.09920034715302892,0.3053653841626018,8
open_path,1,2.0,500.0,0.9998816992984155,0.3385565509366224,0.495984593916932,0.3535455159351553,0.009920811571983993,0.26034146885863846,0.003953253221397539,0.29750510408204156,0.13016060302578292,0.6436454251185464,0.3221031180434295,0.0759955533793723,0.24527159246791105,0.2129662549082854,0.655567486507062,0.34883084493953087,0.08626734302264642,0.2749602731724834,0.23063793698901178,0.7099656831086915,8
open_path,2,0.5,100.0,0.9999405927230371,0.08310680730500773,0.08512159608932464,0.08366930842285188,-0.00048478175373456217,0.06591803687775939,0.0009355682596619611,0.07810059517544703,0.03776861352961062,0.13037521801453514,0.04124004803444539,-0.005399862110361987,0.036054546872647114,0.027266853656938043,0.08393471878694023,0.04285513055556769,-0.03562324312617289,0.04518151865719641,0.028334704468133454,0.0872218511664873,8
open_path,2,0.5,250.0,0.9999405927230371,0.12038660509887775,0.12456090630174754,0.1234209842305397,0.003644273874919164,0.09742415856340361,0.0013800610713640771,0.11602694431580074,0.05790775754037645,0.1943293534075132,0.05423049071807748,-0.012906962154632462,0.045278122487255185,0.035855798541230804,0.11037380422781604,0.055099548690488546,-0.04227978621277448,0.05799233237408137,0.03643039720642478,0.11214257366433428,8
open_path,2,0.5,500.0,0.9999405927230371,0.12745415753414632,0.13401224835636186,0.12970378935538135,0.0033685163897673167,0.10204678102467346,0.0014503137502405044,0.1194061789372486,0.06050657093373875,0.2084544564378842,0.1089032158283507,0.05640213166336667,0.08942158791138699,0.07200399103030558,0.2216476757716512,0.12180939888208195,0.044305459127961674,0.09912245072208928,0.08053722562551781,0.24791526993941035,8
open_path,2,1.0,100.0,0.9999405927230371,0.14647285901872903,0.15830607994141063,0.1557894425345811,0.0016224787943750667,0.1194949960566178,0.001741996681616855,0.14030904711158393,0.07174062415290722,0.2765850967442986,0.07827546910228585,-0.033502042842745716,0.07244409075955069,0.051753716658077764,0.15931187765660773,0.07632834603003644,-0.06968380862029153,0.08263556907621163,0.05046632921811339,0.15534895241034438,8
open_path,2,1.0,250.0,0.9999405927230371,0.21217720675606802,0.2366387126091022,0.22490898613386445,0.006641113533970371,0.17093125519217056,0.002514873287540239,0.20213723437009698,0.09714946331237093,0.3972463284818422,0.09657013630065117,-0.05124554490956064,0.0871083200537592,0.0638496776711096,0.1965465032155521,0.08948076968867452,-0.08493136463035424,0.10203228139483955,0.059162371735682624,0.18211771320888726,8
open_path,2,1.0,500.0,0.9999405927230371,0.22463352224968697,0.26322573402208294,0.22520217419337327,0.00816136881274182,0.17246163355157498,0.002518151639516116,0.20312079523470616,0.09696720360626877,0.3861314567122106,0.20115820418617594,0.07355168836250162,0.16003957233568347,0.13300060443323594,0.4094116788115822,0.22300561560141033,0.07368773081624959,0.17815033646594305,0.14744554807987165,0.4538771055208008,8
open_path,2,2.0,100.0,0.9999405927230371,0.2231934996335526,0.2718370921347442,0.2564865419776293,0.008993285176982533,0.18543492185011284,0.0028679652339421847,0.21402569746633937,0.09780125350306647,0.5110379378761692,0.15058361166416967,-0.07516733088275172,0.1356616412367736,0.09956199127000655,0.3064786221489635,0.14101237804036518,-0.12429276626665439,0.1447297922417299,0.0932337390255217,0.28699855748009745,8
open_path,2,2.0,250.0,0.9999405927230371,0.3233129580156781,0.4230744924494038,0.338054324375539,0.007432071978115296,0.2445238328117875,0.0037800347808401654,0.28551915553746315,0.12912323707431217,0.6087206134522939,0.16186359661669844,-0.10286533179721796,0.14972942243160445,0.1070200257198251,0.3294364607072655,0.14045439295323667,-0.14605025567461105,0.1708007812117789,0.09286481371047893,0.28586290600519326,8
open_path,2,2.0,500.0,0.9999405927230371,0.34229373483798997,0.5008430041949449,0.3626961216045481,0.013032683611771251,0.26462033793092427,0.004055572893716337,0.30480544888078887,0.13549303463181028,0.6929073236657074,0.3170197932994567,0.09137133202380296,0.24819168183541263,0.20960529199745587,0.6452215375272818,0.3509742870834236,0.10663180232362253,0.2736148187915219,0.23205512552406926,0.7143281710823584,8
open_path,3,0.5,100.0,0.9999572083229424,0.0765457474343384,0.07839385422527313,0.07684001575842433,-0.0005048364781422221,0.06059015955255034,0.000859204900465895,0.07231818172826546,0.03381124357659214,0.11930885346143585,0.039378414108137985,0.005339421589529811,0.03461765263537124,0.026035989430276196,0.08014578721347726,0.0362789138662475,-0.02980219538735565,0.03856230467614743,0.023986679996041718,0.07383746087579117,8
open_path,3,0.5,250.0,0.9999572083229424,0.1118290327094622,0.11565231653976234,0.11453999338437526,0.003585334740352992,0.09052789382622546,0.0012807561612765144,0.10632224965303477,0.05602409946803824,0.1818480114341174,0.0530903526048477,-0.0009012133013129218,0.04327021796069758,0.03510196869466594,0.10805331294632471,0.04986372367460791,-0.034989923585666036,0.049793131390993284,0.03296860505812006,0.1014862451373038,8
open_path,3,0.5,500.0,0.9999572083229424,0.11922982431646792,0.12527803891156294,0.12103260009487347,0.0035685986877479117,0.09567004649997389,0.0013533547864511353,0.11084235031400136,0.05765320713453771,0.18925330735437845,0.1048946553797299,0.05938040296050791,0.08828830078903788,0.06935363448764975,0.21348916456636804,0.11513257148342008,0.03474254472947399,0.09134243345502532,0.07612267995331377,0.23432610947995752,8
open_path,3,1.0,100.0,0.9999572083229424,0.13490921906414638,0.1457633086403721,0.14392601990783602,0.0021754795017683982,0.11062440346268988,0.00160934300167432,0.13136276526465154,0.06769015908863751,0.24794790105257297,0.07555339813859219,-0.020797030160490552,0.06628202861233932,0.0499539537055991,0.15377172259507896,0.06767802049162569,-0.05918614374163554,0.07318897112580774,0.04474695759314066,0.13774318626585405,8
open_path,3,1.0,250.0,0.9999572083229424,0.19709478288750124,0.21950069310417133,0.20845720857608072,0.0064824615210361146,0.15879653406448793,0.0023309138263206738,0.18877158201630706,0.08977942701929867,0.3703456121078211,0.0948257781219589,-0.035921415366387544,0.07965647477714849,0.06269635313705577,0.19299625969813558,0.08285245195480005,-0.07163968141171065,0.09152830695049557,0.05477989939980449,0.1686272831163093,8
open_path,3,1.0,500.0,0.9999572083229424,0.21013842083765766,0.24571813834096937,0.20977659055644773,0.008002033738791256,0.1608223516695331,0.0023456668095407935,0.18950764237927475,0.09089601989187931,0.3486224458098638,0.19291872049144718,0.07349641016968302,0.15332762359508992,0.12755287081456393,0.3926420876052625,0.2091584677788108,0.05765248069548774,0.16246288591694918,0.13829017190452267,0.42569439202055664,8
open_path,3,2.0,100.0,0.9999572083229424,0.2055729705658728,0.2501905569206537,0.23516896510862043,0.007376117357454797,0.17093664709584142,0.002629597681162203,0.20003143181189773,0.09673048415075423,0.4765472283369736,0.14589717021227608,-0.06051574700710983,0.1269508815558656,0.0964634373320029,0.29694043865684916,0.1351212504298689,-0.10841055544008182,0.1297147157161016,0.08933867774199501,0.2750085098712299,8
open_path,3,2.0,250.0,0.9999572083229424,0.3003305502936331,0.39172379697319293,0.31312875459830924,0.00814492418230219,0.22803846619834073,0.0035013235977655777,0.26853786239258515,0.12013338884610555,0.5550514657867861,0.1585785267732181,-0.08373704745985161,0.1395540173733123,0.10484802246221048,0.3227504497385664,0.13663403568006252,-0.1257051884213473,0.15641797786588318,0.0903388922421564,0.2780874394702929,8
open_path,3,2.0,500.0,0.9999572083229424,0.32020628168545484,0.46629039595852595,0.3359977059072661,0.013209291541799955,0.24689286237546834,0.003757038212595253,0.2822091174371019,0.1265270678933063,0.645018120834476,0.3026441589375902,0.08809171487757154,0.234048189967261,0.20010049418433826,0.6159632101233147,0.32641473431599477,0.08338220575764933,0.24682879614141975,0.21581698412738612,0.6643427987727677,8
open_path,4,0.5,100.0,0.9999668437657885,0.0743891977792162,0.07616385601025379,0.07460535049026114,-0.0004891174440917785,0.05894829821366573,0.0008342174596076955,0.07009528095929324,0.03407176668838543,0.11567647077276036,0.03994314365516002,0.02345688346526831,0.035140331792535465,0.0264093740078484,0.08129516549937012,0.04279626709525029,-0.032825382982474054,0.045841394760838025,0.02829578546986083,0.08710204800853656,8
open_path,4,0.5,250.0,0.9999668437657885,0.10930884736855614,0.1130166723779262,0.1118330859816623,0.0035033732348673024,0.08834618355781493,0.001250488232742632,0.10599119822894273,0.05345212348640913,0.17382300575270396,0.052988470990724776,0.016758356006670437,0.04327371746392609,0.03503460720516665,0.10784595614053669,0.055964998013403953,-0.0374646465638822,0.055612802326144274,0.03700260992586004,0.1139039985172486,8
open_path,4,0.5,500.0,0.9999668437657885,0.11664221858543554,0.1225481275142135,0.11849856620924877,0.003496546601583646,0.09340993827267871,0.001325019884239241,0.10819159059585987,0.05581346026881048,0.18818564053296147,0.10576281939012558,0.08205094428331097,0.09628991102985417,0.06992764208826911,0.21525611454694615,0.11334492359689095,0.039090923928809584,0.09274690688174293,0.07494073338352773,0.23068775962836263,8
open_path,4,1.0,100.0,0.9999668437657885,0.1311083752603131,0.1415302430418815,0.13882202271424574,0.0017759383673375043,0.10749632302326614,0.0015522714438744875,0.12654263916420594,0.06745465270569,0.23904005499995462,0.07504714665311925,-0.0030569296527324496,0.0647076454625012,0.04961923331059693,0.15274136307577987,0.07488498422598605,-0.06489000670340406,0.0790258412656181,0.04951201570586471,0.1524113184136625,8
open_path,4,1.0,250.0,0.9999668437657885,0.19265304382772916,0.214372090661867,0.20240015218371185,0.00556352184885427,0.15473415351086622,0.002263185410555077,0.1833070583542758,0.0866670768530861,0.35067054000071773,0.0929626825997752,-0.019264340955186986,0.0764621428665894,0.06146452254098447,0.1892043533793776,0.0899324502801953,-0.07642049062338643,0.09677408045332819,0.059461011266325005,0.18303700611075657,8
open_path,4,1.0,500.0,0.9999668437657885,0.20557785568387246,0.24030781089086983,0.20426601724585744,0.007086054173370409,0.15751533909174828,0.002284049024248803,0.18459434462158825,0.08807780077782267,0.33888676503918297,0.19471181942732055,0.0981303885129467,0.15818244617736876,0.1287384214772604,0.3962915318254532,0.20593239142850497,0.06551729911159551,0.16605449778161763,0.1361571736195443,0.41912844886205325,8
open_path,4,2.0,100.0,0.9999668437657885,0.199781292600267,0.24261745550948324,0.2277505093168348,0.00744569419441277,0.1671918126232824,0.0025466464544181737,0.1955713157637988,0.0943113289390238,0.4501943858515103,0.14435194760417427,-0.04251133944216586,0.12425518081738524,0.09544177608933624,0.293795490208537,0.13698333924707176,-0.11782644087249369,0.1348355513165686,0.09056984273075748,0.27879836727143675,8
open_path,4,2.0,250.0,0.9999668437657885,0.2935622842008491,0.3820718326487198,0.3028785862809117,0.006784814204719972,0.22238934675790628,0.0033867089043407824,0.2609226509851713,0.1157107749555096,0.5312465674614093,0.15463860430482276,-0.06811479009751988,0.13560410412597396,0.1022430475777077,0.3147316354988037,0.13846668133593001,-0.13408579978061752,0.159798553824346,0.09155059017378404,0.2818173720259695,8
open_path,4,2.0,500.0,0.9999668437657885,0.313256949885698,0.45574122389826655,0.3261767153715792,0.011451113921181174,0.24135594675851377,0.0036472224725488146,0.28095612510820334,0.12656691389701102,0.6096016451529415,0.30569430984332885,0.1144307501638101,0.24294400589525775,0.20211717511324714,0.6221710971344323,0.3211006941912296,0.09518560304594935,0.25365972617434396,0.2123034781710389,0.6535272812175472,8
point,1,0.5,100.0,0.9999035353096265,0.18518434994300983,0.191282193970373,0.19055458313435963,-0.0006965210264462634,0.14893220066800023,0.002130731364631814,0.17789712425420023,0.08174215474501952,0.30012152011954224,0.08605812244778087,0.01669596840485059,0.06487379068973143,0.05689940585943482,0.17515169480291065,0.09649442084969499,-0.12126876197050027,0.13145703881842172,0.06379961657227028,0.19639240167138014,8
point,1,0.5,250.0,0.9999035353096265,0.2187310574545319,0.22903238959601455,0.22632399873983758,0.0036847506957356827,0.17759951094995335,0.0025306955873312153,0.2089799055187982,0.10325032785849558,0.3669115811143691,0.09704199572490924,0.0004236116175806992,0.07163482696841852,0.06416165892431148,0.19750686553251612,0.1103923390954748,-0.1274221426175506,0.14158157044961664,0.0729885608389513,0.22467844679696025,8
point,1,0.5,500.0,0.9999035353096265,0.20851111962119281,0.22180866892703538,0.21435038649475294,-0.00016804349365452363,0.16634331806492159,0.002396809795980017,0.1978955991910477,0.09479151786000703,0.3567427372739767,0.16423793925052993,0.10354401211277084,0.1442394619740242,0.10858987968978259,0.33426889400385223,0.17444720053948778,0.05249795575117091,0.13599094161700018,0.11533997933270607,0.3550475185727505,8
point,1,1.0,100.0,0.9999035353096265,0.32638097962455404,0.36234466932597637,0.3491107586238729,0.0013637527103740382,0.2638787918414258,0.0039036649284147507,0.3100508932107193,0.1328481814715183,0.6454132145519494,0.1573296759172106,-0.027268791307229076,0.13238929394348728,0.10402231456047241,0.3202086984457874,0.1420158095966653,-0.22598617434049245,0.23662785379068996,0.09389718203066895,0.2890408137216432,8
point,1,1.0,250.0,0.9999035353096265,0.3855058855043354,0.44640468008760836,0.42072675357384587,0.0038956857084054223,0.31131423616364046,0.004704456198502582,0.36206100392354784,0.15285180429000186,0.8221512998981474,0.17517057346233597,-0.06206195288972215,0.15658544599635144,0.11581825480925785,0.3565197792938495,0.16557866212077124,-0.2415410123468244,0.25796277566083337,0.1094763309923331,0.33699762984312503,8
point,1,1.0,500.0,0.9999035353096265,0.3674936003259508,0.4465640565363944,0.37356674641483073,-0.0016592438579113421,0.2837951393208324,0.00417712536889392,0.32719333714950927,0.1344461803453066,0.6352050323827504,0.30448622121109226,0.12220554284796027,0.24406517877304926,0.20131841814011528,0.6197123080580524,0.33439534465421966,0.07853177266659692,0.2618896442344709,0.22109355737491654,0.6805855122615485,8
point,1,2.0,100.0,0.9999035353096265,0.4973352301870261,0.6462601335973432,0.5818491572505271,0.017989688528544403,0.40513804650596114,0.0065060846527324485,0.4659361139051748,0.19869036836113746,1.2432456064203279,0.26749657744244754,-0.08900692530774675,0.2320623376205092,0.1768618219058071,0.5444283184478292,0.18648471136143396,-0.365036094285893,0.3681225808089664,0.12329887030445438,0.3795471283911218,8
point,1,2.0,250.0,0.9999035353096265,0.5874290178499367,0.8400751004059863,0.6439936676437501,-0.0058911517525660085,0.442754258044572,0.0072009682669521265,0.4986075375542985,0.2028846333204073,1.3887263758732036,0.27676408576224537,-0.14142383728962213,0.26324223594846463,0.1829892588309368,0.5632902194821868,0.21504669917235153,-0.3861319166294367,0.395994920061984,0.14218331828426894,0.4376785450398857,8
point,1,2.0,500.0,0.9999035353096265,0.5599821243278599,0.8917106473808194,0.6149193473901124,-0.0019121746745932935,0.44052223323113604,0.006875866844300459,0.49360410898458007,0.21298135168692617,1.2153221724671703,0.48198363869912025,0.14062809196094073,0.38270091814219787,0.31867512206752335,0.9809678480569914,0.5487951247745797,0.1054589489676291,0.450358945075629,0.36284914950562225,1.1169474010099218,8
point,2,0.5,100.0,0.9999365942104642,0.10066740254137618,0.10424286974517911,0.10205659249930563,-0.0005057231597175601,0.08037673751961062,0.0011411700470746026,0.09545735709668267,0.04942272769134486,0.16751328904734025,0.060198954219882576,0.05677436964837588,0.06589036917417318,0.039801992316867714,0.12252125141788002,0.11464542526602717,0.016764696853232966,0.08447989938639706,0.07580059146767261,0.23333463437956858,8
point,2,0.5,250.0,0.9999365942104642,0.11121203396553206,0.11697294045693495,0.11395336365116751,0.0014465942035622654,0.08948306533525766,0.0012741966214774112,0.10641431032652633,0.052511140075615234,0.17438900803435092,0.07588960041404728,0.051973198981579136,0.07145190563083614,0.05017624195890828,0.1544559857031695,0.11936477714211938,0.0020220996055774296,0.0945837364526116,0.07892090492738348,0.24293979953955008,8
point,2,0.5,500.0,0.9999365942104642,0.105544134241927,0.1123547959129059,0.10822841065537547,0.0023486222133832983,0.08568304094909393,0.0012101816987789844,0.10203703147729495,0.04797295569082224,0.17558304904851973,0.10223387468277087,0.11013904371563252,0.1130729166174915,0.067594395075111,0.20807375187416075,0.10053878801662555,-0.0032901522023154658,0.07485224357744573,0.06647364759142702,0.20462378929110156,8
point,2,1.0,100.0,0.9999365942104642,0.1774227977030728,0.19845564660455553,0.2003278822048284,0.002500601742334182,0.15339895676061413,0.0022400138312240326,0.1818516657556071,0.0928971049543256,0.341959573607858,0.10849454386542605,0.0303020717240316,0.0976171428353057,0.07173378769306764,0.2208159171312263,0.22183490552860324,0.023840602242199613,0.17501140176076513,0.14667150484395516,0.45149439198322133,8
point,2,1.0,250.0,0.9999365942104642,0.1960073440486738,0.2301920130856809,0.21293810364301127,0.0010330719092524348,0.16106013700041363,0.002381018019584821,0.19254535485583896,0.0970445904549749,0.38290981931919577,0.1336099441601791,0.01717116351001766,0.10711115634299809,0.0883394411055094,0.2719325903999092,0.22733037952781865,-0.00561719624832261,0.18483296111591194,0.15030497018781117,0.4626791768394325,8
point,2,1.0,500.0,0.9999365942104642,0.1860178678063603,0.22676478438353195,0.19098614789549118,-0.0004983682417940619,0.14883234754372432,0.0021355570085879317,0.1724389006637782,0.08525569759698039,0.31463930603547974,0.18739278745978827,0.12176398214955193,0.16106872268099381,0.12389926674585787,0.38139531033040686,0.16908555452542307,-0.010038685864184932,0.12534607001260878,0.11179499759302186,0.34413511007968184,8
point,2,2.0,100.0,0.9999365942104642,0.27035462678489236,0.35698035267190636,0.3074122466464443,-0.007041625319762097,0.22819046336392887,0.0034374031053331414,0.2572821892030092,0.1300017590635924,0.5881732638908684,0.18948640071059764,-0.00814535108967843,0.15008268409836725,0.12528350970494376,0.3856563829486667,0.3929153412219922,0.02047711236150407,0.3233718466796577,0.25978546629522653,0.7996896280284871,8
point,2,2.0,250.0,0.9999365942104642,0.29867352467331443,0.44135162669021605,0.333326142693598,-0.00424518674064255,0.24863493172031878,0.0037271654935122096,0.2842266383186272,0.1323764308508269,0.6047794773701723,0.2139820243848866,-0.028735096061011836,0.16014483071382438,0.1414793828378846,0.43551164215920096,0.39130167806189803,-0.020513436274141074,0.32785614864467283,0.2587185539288508,0.7964053844348273,8
point,2,2.0,500.0,0.9999365942104642,0.2834516864640727,0.456492335442958,0.30174515659976026,-0.0041635013459085666,0.22890572277313287,0.0033740351909537307,0.2671782341042322,0.12079732934775789,0.5219786033354413,0.291544754446668,0.13358323155815086,0.2374871752863636,0.19276185486751798,0.5933729019386605,0.2462489474128876,-0.022395038316963062,0.18207937173469785,0.16281343820632957,0.5011836100534434,8
point,3,0.5,100.0,0.9999549248132404,0.08490550218320969,0.08799473432694195,0.08672129583583088,-0.001335423804561149,0.06837560993749679,0.0009696947823534182,0.08207959179144875,0.04078780464995363,0.13474930248462696,0.043447398733212586,0.06846721832519395,0.06846721832519395,0.02872629687636771,0.08842727805870519,0.05666938441069598,-0.05400867137176711,0.06388026690766928,0.03746833200253797,0.11533761649278225,8
point,3,0.5,250.0,0.9999549248132404,0.10359317032110864,0.10813732106096652,0.10701263757380337,0.003087569324885907,0.08377929954881805,0.001196587243087755,0.09922410798294576,0.04927531169598672,0.16559919612977825,0.05846018533611892,0.06183579350302512,0.06695190395626649,0.038652363280130865,0.11898238363643887,0.0615276832973184,-0.05010068410260698,0.06423140124394577,0.0406805136336688,0.12522557662539321,8
point,3,0.5,500.0,0.9999549248132404,0.10518054451504458,0.11109188399234972,0.10674036425533454,0.002294465021721412,0.0838441799765889,0.0011935427542600846,0.09855892790785907,0.048345606272135085,0.17320347468896816,0.10983595357657205,0.12296709463015937,0.12384669882701135,0.0726206931170687,0.22354605087862325,0.09905150550096223,0.020362647929379828,0.0791933282922995,0.06549029484006158,0.20159676469586668,8
point,3,1.0,100.0,0.9999549248132404,0.14964299621754684,0.16789318840168027,0.1623749508233136,0.002560728121520343,0.12398040414212658,0.0018156341078704719,0.1474222801805618,0.0757532860579993,0.2586003003337194,0.08100419424703954,0.03876159162289293,0.06748322195584025,0.05355787918305497,0.164865575787135,0.10192436962483804,-0.11300565011722491,0.12798053484759755,0.06738975833187326,0.20744382486779475,8
point,3,1.0,250.0,0.9999549248132404,0.18257936171291975,0.20964214990302982,0.1958169592979197,0.0010438569405021002,0.14809839792553903,0.0021895738745297904,0.1708551972849039,0.08606744933946667,0.34810445480679186,0.10430890722959113,0.02281428513064168,0.08582249351033006,0.06896635295305222,0.2122970077041645,0.10460754691488704,-0.1078201908756336,0.12623593187525056,0.06916380579278499,0.21290482072084663,8
point,3,1.0,500.0,0.9999549248132404,0.18537705355138773,0.22052171627683456,0.1810826469320795,-0.0009630533550849414,0.141155202325883,0.002024818658581814,0.16441899738814328,0.08347443342725513,0.29494445113373113,0.20206711915790565,0.13419670102743658,0.17288175325219957,0.1336015555160294,0.41126156808643594,0.17660607556350935,0.033420195090616195,0.14319755391693817,0.11676737168914676,0.359441416656624,8
point,3,2.0,100.0,0.9999549248132404,0.22802411481006238,0.30379669181032753,0.27444203381818505,0.004842097044783655,0.1979937438501629,0.0030687388338355385,0.23136909302930375,0.10664209883167358,0.5298148275280173,0.15456322533326713,-0.007041869323593427,0.11827466290410785,0.10219320895034964,0.3145782187817648,0.17059626712610307,-0.21191264651327693,0.23037354469810367,0.11279384171090524,0.3472098212730358,8
point,3,2.0,250.0,0.9999549248132404,0.2782121341425866,0.392182873035741,0.30875235161272085,0.0019985478556553476,0.2200498447328859,0.003452387807545898,0.24883328296824225,0.11249438808621481,0.5989089960448635,0.17326611963302552,-0.03104176895784884,0.13452697613928383,0.11455907916967492,0.3526436975668745,0.16627757764607837,-0.20009262581287507,0.2269450860485886,0.10993843586988306,0.3384201131055956,8
point,3,2.0,500.0,0.9999549248132404,0.2824752217651478,0.4301239427559969,0.29628632699375834,0.002537169094852724,0.2198382379818054,0.003312995990193664,0.2508595196828672,0.11652524232464008,0.5535857457102986,0.3165489287548554,0.1443177231569371,0.25291364149772344,0.20929396853296428,0.6442632000611169,0.2689939547862228,0.049002339033506856,0.22282028668440876,0.17785184909655705,0.5474758887649815,8
point,4,0.5,100.0,0.9999669736383479,0.09110440029527267,0.0942850767205037,0.09287253082331157,-0.00028538853622970406,0.07251939775266047,0.0010384762784657643,0.08661977051558716,0.04210023315409498,0.14622502030790074,0.03624188754753008,-0.04334149782597127,0.04587616720034895,0.02396219915127937,0.07376210224268127,0.07000235018940439,-0.03899476542309644,0.06288195767930593,0.046283744302672895,0.14247382962951455,8
point,4,0.5,250.0,0.9999669736383479,0.11958527198361167,0.12428660707986315,0.12411579481078894,0.004103453007473177,0.09698341639337779,0.0013878302610181052,0.114159645093873,0.05699281811509815,0.1953766997592159,0.04829483955081182,-0.04894302840317613,0.054408218285258526,0.03193129943295418,0.09829313906647351,0.07327400935325683,-0.04107279658759725,0.05994497840476725,0.04844688076559929,0.1491325462162486,8
point,4,0.5,500.0,0.9999669736383479,0.12532816989172554,0.1319258470406783,0.12793703764779277,0.004382026897104305,0.10038583983636329,0.0014305583960792167,0.1166151116841681,0.061040223995657596,0.20843810131542131,0.09587491922247113,0.014292871496381764,0.0805108919080805,0.06339001811119091,0.19513154729929852,0.1203144681037121,0.06557096287500166,0.11154187666126063,0.07954881604056736,0.24487267904854593,8
point,4,1.0,100.0,0.9999669736383479,0.16056833866160625,0.17951362310748942,0.17640057817204613,0.0008275125651395858,0.13122953826500233,0.0019724649938508442,0.1539300370472091,0.07613692086377705,0.340819362843162,0.06677829072036649,-0.06719841211395422,0.07500889583148501,0.04415207952745014,0.1359119913731662,0.12022275676891671,-0.07543317462110702,0.10986691027339618,0.07948817887684582,0.24468602152842867,8
point,4,1.0,250.0,0.9999669736383479,0.2107648849953651,0.23868786518743315,0.23036161535332017,0.007779821829180038,0.17003207424806596,0.0025758431572043567,0.19573225211305342,0.08911522859779292,0.4422267378391353,0.08232687442070487,-0.08142498643847484,0.09553130041356125,0.05443240112105423,0.16755758982962432,0.11298810518267074,-0.08292167416861522,0.10107444044008938,0.07470481427221834,0.2299615370684238,8
point,4,1.0,500.0,0.9999669736383479,0.22088654293088092,0.25994040335232116,0.22868200570224503,0.013136142379887339,0.17201085861272958,0.0025570622026609507,0.20155826696649604,0.09605894182897415,0.38737252370810166,0.17621676226229074,0.03198384871524364,0.14629608762924834,0.11650996779858483,0.35864905816008424,0.22057618012900976,0.11574317992555767,0.19772008279695275,0.14583926814926654,0.44893254330747256,8
point,4,2.0,100.0,0.9999669736383479,0.24467201416234313,0.32472914180609663,0.31217649412109116,0.010874642685158585,0.20808655705311033,0.0034906756708947915,0.23267288439283518,0.11146552058604392,0.7245636723814606,0.12946863394464786,-0.10275989780441558,0.12729652848256556,0.08560131384870899,0.26350389729897566,0.19390334825787764,-0.13372032212508944,0.17322425351453402,0.1282038812399493,0.39464607301808563,8
point,4,2.0,250.0,0.9999669736383479,0.3211608798867218,0.4383482080914811,0.37449217164600773,0.016348603009957823,0.2510717378907315,0.004187473231082573,0.275936982122166,0.1150949124971404,0.7469624501915596,0.13658950195948077,-0.12611153246803508,0.15109932825864647,0.09030944769735647,0.27799680123169423,0.15929572094666736,-0.1464555355511722,0.14792232955909676,0.10532221270938759,0.32421013502345786,8
point,4,2.0,500.0,0.9999669736383479,0.3365841348969392,0.49920342512867244,0.3818021253082357,0.02127329946425241,0.2647486496600121,0.004269211215474856,0.3023224628316814,0.13471169563220714,0.7950801361515295,0.276294089584265,0.050244346682985275,0.22600226860050204,0.18267850950800665,0.5623336493783699,0.35061890204007296,0.17620105988152807,0.2986075836520097,0.2318201541205245,0.7136048658221461,8
