geometry,n,CV,L_m,sigma_rep_pred,cover68_reported,cover95_reported,cover68_widened,cover95_widened,logscore_reported,logscore_widened
open_path,1,0.5,100.0,0.03999530185591579,1.0,1.0,1.0,1.0,3.5968087846824304,3.5916747191740823
open_path,1,0.5,250.0,0.0719155709737196,1.0,1.0,1.0,1.0,3.5922808400893382,3.576016121353672
open_path,1,0.5,500.0,0.08800253138343024,1.0,1.0,1.0,1.0,3.5603078639843364,3.5376829023299288
open_path,1,1.0,100.0,0.06938815061150713,1.0,1.0,1.0,1.0,3.579128793674186,3.5643708193274337
open_path,1,1.0,250.0,0.12124000096106993,1.0,1.0,1.0,1.0,3.5638267447945253,3.521407408354847
open_path,1,1.0,500.0,0.16238066482000096,0.875,1.0,1.0,1.0,3.470678211582091,3.410630397868921
open_path,1,2.0,100.0,0.11169262183634782,1.0,1.0,1.0,1.0,3.5164214927040227,3.483761897112802
open_path,1,2.0,250.0,0.23158635420804272,1.0,1.0,1.0,1.0,3.488413044588393,3.3679180039735526
open_path,1,2.0,500.0,0.2947108247972602,0.875,1.0,0.875,1.0,3.2873051820334123,3.176758977412957
open_path,2,0.5,100.0,0.03959856888839148,1.0,1.0,1.0,1.0,3.9367545340869015,3.9268701685202405
open_path,2,0.5,250.0,0.0707997285067646,1.0,1.0,1.0,1.0,3.9288145377292505,3.898364743260558
open_path,2,0.5,500.0,0.08585834729672619,1.0,1.0,1.0,1.0,3.85855463152296,3.820530473846569
open_path,2,1.0,100.0,0.06925808391963084,1.0,1.0,1.0,1.0,3.9045022364933897,3.8767524782893266
open_path,2,1.0,250.0,0.11980515456155104,1.0,1.0,1.0,1.0,3.876559744546098,3.8020928546577615
open_path,2,1.0,500.0,0.15906081724446455,0.875,1.0,0.875,1.0,3.681534486634088,3.605028187607709
open_path,2,2.0,100.0,0.11105732069679104,0.875,1.0,0.875,1.0,3.7810613934486486,3.7296245223073607
open_path,2,2.0,250.0,0.22929968317819235,0.875,1.0,0.875,1.0,3.729009592446945,3.557045051282741
open_path,2,2.0,500.0,0.28943757437916356,0.5,0.875,0.875,1.0,3.321288037300282,3.279011723535638
open_path,3,0.5,100.0,0.038739858969247275,1.0,1.0,1.0,1.0,4.09815477704576,4.085132764851748
open_path,3,0.5,250.0,0.06805900925160327,1.0,1.0,1.0,1.0,4.0884018550644,4.0500069067823015
open_path,3,0.5,500.0,0.08300392532829459,0.875,1.0,1.0,1.0,3.992052782352805,3.946606962638484
open_path,3,1.0,100.0,0.0671715584378392,1.0,1.0,1.0,1.0,4.061712603291014,4.026284247933953
open_path,3,1.0,250.0,0.11565743143791936,1.0,1.0,1.0,1.0,4.0280740740758665,3.936078173683024
open_path,3,1.0,500.0,0.15410318053729402,0.875,1.0,0.875,1.0,3.7683340940132033,3.6927541271267854
open_path,3,2.0,100.0,0.10773855632281856,0.875,1.0,0.875,1.0,3.9097023918849008,3.8494576586688836
open_path,3,2.0,250.0,0.2210145791004399,0.875,1.0,0.875,1.0,3.8490406048740304,3.6557014804111554
open_path,3,2.0,500.0,0.2827446773171587,0.5,0.875,0.875,1.0,3.3181006990015716,3.3397209562690886
open_path,4,0.5,100.0,0.038335147660943564,1.0,1.0,1.0,1.0,4.2155546626059355,4.1994892976016285
open_path,4,0.5,250.0,0.06864137244539827,1.0,1.0,1.0,1.0,4.206345867389196,4.157471338351861
open_path,4,0.5,500.0,0.08383098807823135,0.875,1.0,0.875,1.0,4.045974351339741,3.997256677171709
open_path,4,1.0,100.0,0.06670782258400419,1.0,1.0,1.0,1.0,4.180749263798637,4.136870181349018
open_path,4,1.0,250.0,0.11567239538001577,1.0,1.0,1.0,1.0,4.145893290087086,4.032270038219675
open_path,4,1.0,500.0,0.15390569081556452,0.625,0.875,0.875,1.0,3.740140086335169,3.6976002731041424
open_path,4,2.0,100.0,0.10582322050571268,0.875,1.0,0.875,1.0,4.005014140476315,3.937422684873579
open_path,4,2.0,250.0,0.22015248243391328,0.75,1.0,0.875,1.0,3.9407414048163307,3.7208373331773426
open_path,4,2.0,500.0,0.27757634769240125,0.5,0.875,0.75,1.0,3.13437613417427,3.329428586291494
point,1,0.5,100.0,0.07967026702307856,1.0,1.0,1.0,1.0,3.6771957152657464,3.653739229192731
point,1,0.5,250.0,0.1251937867645625,1.0,1.0,1.0,1.0,3.671271768755782,3.615886629771359
point,1,0.5,500.0,0.14247486344335036,0.875,1.0,1.0,1.0,3.566951257655347,3.510896266435706
point,1,1.0,100.0,0.13622438473145868,1.0,1.0,1.0,1.0,3.6146313236878855,3.5570107581191497
point,1,1.0,250.0,0.2042042632332344,1.0,1.0,1.0,1.0,3.581440879221832,3.468229873153449
point,1,1.0,500.0,0.24667390675455123,0.75,1.0,0.875,1.0,3.320049849240165,3.247535225809355
point,1,2.0,100.0,0.2266766287947585,0.75,1.0,0.875,1.0,3.422135475210446,3.3321538443152905
point,1,2.0,250.0,0.3764919121386244,0.75,1.0,0.875,1.0,3.3561763770126,3.1621589179447813
point,1,2.0,500.0,0.42522734703089776,0.5,0.875,0.75,1.0,2.812160274066296,2.892276572097916
point,2,0.5,100.0,0.061530476257654634,1.0,1.0,1.0,1.0,3.8751316954268784,3.8543234174355003
point,2,0.5,250.0,0.0825949681299856,1.0,1.0,1.0,1.0,3.8669398696608064,3.830673798818857
point,2,0.5,500.0,0.0979406412744452,1.0,1.0,1.0,1.0,3.784580516247516,3.7429087158248953
point,2,1.0,100.0,0.10272379361568154,1.0,1.0,1.0,1.0,3.8457810046674443,3.7931419409236096
point,2,1.0,250.0,0.13881535841560583,1.0,1.0,1.0,1.0,3.817200211293665,3.7302613189117855
point,2,1.0,500.0,0.16545170088681038,0.875,1.0,0.875,1.0,3.636860248140369,3.562358192337111
point,2,2.0,100.0,0.170297171373514,0.875,1.0,0.875,1.0,3.7224709822774678,3.6213079591965647
point,2,2.0,250.0,0.24633368868594016,0.875,1.0,1.0,1.0,3.665230675359947,3.494421483100491
point,2,2.0,500.0,0.29390916623342445,0.625,0.875,0.875,1.0,3.352915112394811,3.2812640243382623
point,3,0.5,100.0,0.04235943447628316,1.0,1.0,1.0,1.0,4.030389783834812,4.016879941686455
point,3,0.5,250.0,0.07311051595804477,1.0,1.0,1.0,1.0,4.026327724961817,3.987440215216983
point,3,0.5,500.0,0.0901930716856646,0.875,1.0,0.875,1.0,3.8648768581431576,3.8265533032314
point,3,1.0,100.0,0.07361721150564055,1.0,1.0,1.0,1.0,4.0226483620095,3.9835527891898153
point,3,1.0,250.0,0.12368163534680926,1.0,1.0,1.0,1.0,3.9987093607898503,3.9002492601846335
point,3,1.0,500.0,0.16419280725003982,0.625,0.875,0.75,1.0,3.624712430138933,3.5802160583653837
point,3,2.0,100.0,0.11827332217610688,0.875,1.0,0.875,1.0,3.905308034742471,3.832617828819696
point,3,2.0,250.0,0.23274375251467455,0.875,1.0,1.0,1.0,3.8515651659221692,3.6356517262689008
point,3,2.0,500.0,0.29873749810565386,0.625,0.875,0.75,1.0,3.1559284869631923,3.2535768875220112
point,4,0.5,100.0,0.03443287453541998,1.0,1.0,1.0,1.0,4.204793718853677,4.192085180773606
point,4,0.5,250.0,0.06204530046395962,1.0,1.0,1.0,1.0,4.188339999559993,4.149554553681874
point,4,0.5,500.0,0.07632093475292692,1.0,1.0,1.0,1.0,4.143820234237859,4.091564488504767
point,4,1.0,100.0,0.059895047901960013,1.0,1.0,1.0,1.0,4.141831250513589,4.109191917847365
point,4,1.0,250.0,0.10419997294113253,1.0,1.0,1.0,1.0,4.093433634230279,4.010084348561156
point,4,1.0,500.0,0.13862005800551697,0.875,1.0,0.875,1.0,3.910808616042767,3.827438982081028
point,4,2.0,100.0,0.09331237012454253,0.875,1.0,0.875,1.0,3.9454722842315726,3.9026990901696577
point,4,2.0,250.0,0.19719842944427407,0.625,1.0,0.875,1.0,3.8636729363300537,3.7197267044746747
point,4,2.0,500.0,0.24658197312965713,0.5,0.875,0.875,1.0,3.430371432881614,3.4636157992961305
