geometry,n,CV,L_m,m_realizations,bias,bias_se,bias_p,MAE,RMSE,sigma_rep,sigma_rep_lo,sigma_rep_hi,sigma_rep_chi2_lo,sigma_rep_chi2_hi,bias_pure,sigma_rep_pure,bias_transport,sigma_rep_transport,sigma_reported,R_mean,cover68,cover95,dfs,chi2_per_dof,prior_influence,ak_diag,sigma_log,N_eff_simple,N_eff_Acorr_log,N_eff_Acorr_lognormal,N_eff_logfield,N_eff_lognormal,L_hat_m,cv_realized_mean,source_total_sd_kg_s,L_H_m,l_star,H_simple,H_lognormal,H_sigmalog,Pi
open_path,1,0.5,100.0,8,-0.012530316771849362,0.014622308529048717,0.41984921859717944,0.03608861588460294,0.04066561428816397,0.04135813406996896,0.020748196761791085,0.04945229816009566,0.027344929090964205,0.08417505599935221,-0.0329912994833066,0.043766166847775616,0.020460982711457222,0.013953456285770867,0.39155492105138595,0.09216744304400358,1.0,1.0,0.9998816992984156,,0.0001183007015844,0.9998816992984156,0.4723807270774388,100.0,15.915494309189532,17.331091860990895,20.713924341161412,22.446756349031016,90.46765001923409,0.5152781959709859,3.708994804513593e-18,185.49334457984943,0.1,0.05,0.10553419654025298,0.09970464098643605,0.5391029000339844
open_path,1,0.5,250.0,8,-0.01957487528778205,0.019489639788491518,0.348647055571114,0.04609479435125595,0.05515521875696155,0.05512502582930202,0.029942006270349618,0.06805609240084,0.03644724203199444,0.11219442657391426,-0.0413430287685804,0.05456523862292776,0.021768153480798313,0.01902876232448295,0.39155492105138595,0.11772242378536386,1.0,1.0,0.9998816992984156,,0.0001183007015844,0.9998816992984156,0.4723807270774388,16.0,2.5464790894703255,2.7729746977585426,5.170112392916099,5.55888042629965,146.71235324049783,0.4727885116139039,4.349181921048444e-18,185.49334457984943,0.25,0.125,0.2120685847908183,0.20035422454754045,1.347757250084961
open_path,1,0.5,500.0,8,0.04517668191021995,0.03928841271147917,0.2879607366039187,0.08984109878259461,0.11334014382437417,0.1111244122013707,0.05250947044164784,0.14142061304784634,0.07347258865162434,0.22616841475780095,0.03728774696650966,0.12143528105494764,0.007888934943710312,0.02267477540016077,0.39155492105138595,0.22944699185840206,1.0,1.0,0.9998816992984156,,0.0001183007015844,0.9998816992984156,0.4723807270774388,4.0,0.6366197723675814,0.6932436744396356,2.520443781600874,2.672071437505526,179.46661709512728,0.3736388308780716,4.349181921048444e-18,185.49334457984943,0.5,0.25,0.3058764012790317,0.28898023366403885,2.695514500169922
open_path,1,1.0,100.0,8,-0.04023238765864655,0.027918943570854667,0.19276679615753498,0.07355715785336378,0.0841125251523433,0.0789666972900636,0.0422449408850481,0.09526687975237505,0.05221073886677995,0.16071871509555236,-0.06411894219653236,0.07940932165376406,0.023886554537885803,0.022682077618285067,0.39155492105138595,0.18785910711031634,1.0,1.0,0.9998816992984156,,0.0001183007015844,0.9998816992984156,0.8325546111576977,100.0,15.915494309189532,20.940613007195054,20.713924341161412,26.82208436150551,90.46765001923416,1.1135032030016303,4.146782255542969e-18,185.49334457984943,0.1,0.1,0.19308731254729677,0.1607557324172995,0.5391029000339844
open_path,1,1.0,250.0,8,-0.05693167117765818,0.03489939989895266,0.14684592995353643,0.08881766707680464,0.10847576676949612,0.09871040931156216,0.053780373828618805,0.12242121479290657,0.06526477085736537,0.20090254114130926,-0.08324514899732235,0.09204298103403305,0.02631347781966419,0.03135553018450347,0.39155492105138595,0.22683322900990582,1.0,1.0,0.9998816992984156,,0.0001183007015844,0.9998816992984156,0.8325546111576977,16.0,2.5464790894703255,3.3504980811512097,5.170112392916099,6.532237724175007,146.71235324049746,0.9519046662436574,3.708994804513593e-18,185.49334457984943,0.25,0.25,0.39126320608978427,0.32574798640639446,1.347757250084961
open_path,1,1.0,500.0,8,0.06025090049378395,0.07240659345871875,0.4328090621557831,0.1590913946717325,0.2008212499821298,0.2047967729491102,0.09182924297458163,0.2618484501175739,0.13540633203803332,0.4168171562651668,0.060746934968002056,0.22217489182830064,-0.0004960344742181017,0.04070320291794451,0.39155492105138595,0.40630671744476443,0.875,1.0,0.9998816992984156,,0.0001183007015844,0.9998816992984156,0.8325546111576977,4.0,0.6366197723675814,0.8376245202878024,2.520443781600874,3.045686789392893,179.46661712279476,0.6773602647829667,3.469446951953614e-18,185.49334457984943,0.5,0.5,0.5730036391936022,0.47705682202077515,2.695514500169922
open_path,1,2.0,100.0,8,-0.08144670743884287,0.05300852028888701,0.16830098534362617,0.13517891284163994,0.16218165344807003,0.14993073662774678,0.07820696372107468,0.19638710257029285,0.09913032717350642,0.30514984380856486,-0.11505878855500853,0.1508095208194229,0.03361208111616565,0.03144368304349991,0.39155492105138595,0.34523614842756534,1.0,1.0,0.9998816992984156,,0.0001183007015844,0.9998816992984156,1.2686362411795196,100.0,15.915494309189532,31.325044855666228,20.713924341161412,39.0978295264361,90.46765001923414,2.5266379240890484,4.728059221007268e-18,185.49334457984943,0.1,0.2,0.3198553883463036,0.20289006879633506,0.5391029000339844
open_path,1,2.0,250.0,8,-0.1070331344422768,0.057860721495440755,0.1067920086383307,0.15006671312834502,0.1867916848051573,0.16365483413508958,0.08344595800947878,0.21030782823996175,0.10820434566140212,0.33308211643640534,-0.14358032266009718,0.15003663910388906,0.03654718821782039,0.04002950509460781,0.39155492105138595,0.38325840146611495,1.0,1.0,0.9998816992984156,,0.0001183007015844,0.9998816992984156,1.2686362411795196,16.0,2.5464790894703255,5.012007176906597,5.170112392916099,9.215997333756238,146.71235324049766,1.862830543562864,2.271286182423036e-18,185.49334457984943,0.25,0.5,0.6588079411669524,0.4178938150706303,1.347757250084961
open_path,1,2.0,500.0,8,0.0759955533793723,0.11388064950492,0.5259437201954785,0.24527159246791105,0.3107361267298575,0.3221031180434295,0.14717395085481094,0.4099422418857331,0.2129662549082854,0.655567486507062,0.08626734302264642,0.34883084493953087,-0.010271789643274114,0.06367235352171957,0.39155492105138595,0.6264040605320924,0.875,1.0,0.9998816992984156,,0.0001183007015844,0.9998816992984156,1.2686362411795196,4.0,0.6366197723675814,1.2530017942266491,2.520443781600874,4.038083660192765,179.46661713027285,1.0906293702294476,5.078750300253898e-18,185.49334457984943,0.5,1.0,0.9952732679342243,0.6313198687892656,2.695514500169922
open_path,2,0.5,100.0,8,-0.005399862110361987,0.014580558810807642,0.7220762179235756,0.036054546872647114,0.038952629917104006,0.04124004803444539,0.02414118199719628,0.04941200832763169,0.027266853656938043,0.08393471878694023,-0.03562324312617289,0.04285513055556769,0.030223381015810874,0.021950311935918683,0.27747179872795374,0.12993950029493506,1.0,1.0,0.999940592723037,0.6667235358064678,5.940727696296389e-05,0.999940592723037,0.4723807270774388,100.0,15.915494309189532,17.331091860990895,20.713924341161412,22.446756349031016,90.46765001923409,0.5152781959709859,3.708994804513593e-18,169.23647119727153,0.1,0.05,0.10553419654025298,0.09970464098643605,0.5908891818208286
open_path,2,0.5,250.0,8,-0.012906962154632462,0.019173373866913354,0.5224345897303149,0.045278122487255185,0.052344221554476926,0.05423049071807748,0.029669727773155356,0.06801779959281781,0.035855798541230804,0.11037380422781604,-0.04227978621277448,0.055099548690488546,0.02937282405814201,0.030112528572364163,0.27747179872795374,0.16318098882419385,1.0,1.0,0.999940592723037,0.6913209102323827,5.940727696296389e-05,0.999940592723037,0.4723807270774388,16.0,2.5464790894703255,2.7729746977585426,5.170112392916099,5.55888042629965,146.71235324049783,0.4727885116139039,4.349181921048444e-18,169.23647119727153,0.25,0.125,0.2120685847908183,0.20035422454754045,1.4772229545520716
open_path,2,0.5,500.0,8,0.05640213166336667,0.03850310120262447,0.1863734934169359,0.08942158791138699,0.11644149634777347,0.1089032158283507,0.05459324094428275,0.1387307300892967,0.07200399103030558,0.2216476757716512,0.044305459127961674,0.12180939888208195,0.012096672535405011,0.02309947516995508,0.27747179872795374,0.3222727077898827,1.0,1.0,0.999940592723037,1.0603834789223305,5.940727696296389e-05,0.999940592723037,0.4723807270774388,4.0,0.6366197723675814,0.6932436744396356,2.520443781600874,2.672071437505526,179.46661709512728,0.3736388308780716,4.349181921048444e-18,169.23647119727153,0.5,0.25,0.3058764012790317,0.28898023366403885,2.9544459091041433
open_path,2,1.0,100.0,8,-0.033502042842745716,0.027674557501392198,0.2653432956162363,0.07244409075955069,0.0805205241222523,0.07827546910228585,0.04072010408620244,0.09322903226164467,0.051753716658077764,0.15931187765660773,-0.06968380862029153,0.07632834603003644,0.0361817657775458,0.036194147317348775,0.27747179872795374,0.2610863197329046,1.0,1.0,0.999940592723037,0.7153241389140839,5.940727696296389e-05,0.999940592723037,0.8325546111576977,100.0,15.915494309189532,20.940613007195054,20.713924341161412,26.82208436150551,90.46765001923416,1.1135032030016303,4.146782255542969e-18,169.23647119727153,0.1,0.1,0.19308731254729677,0.1607557324172995,0.5908891818208286
open_path,2,1.0,250.0,8,-0.05124554490956064,0.03414269911914981,0.17706567401858236,0.0871083200537592,0.10385650290214547,0.09657013630065117,0.05225544240516658,0.11934703911874456,0.0638496776711096,0.1965465032155521,-0.08493136463035424,0.08948076968867452,0.0336858197207936,0.04900289447650451,0.27747179872795374,0.31393576014968005,1.0,1.0,0.999940592723037,0.7553126394518461,5.940727696296389e-05,0.999940592723037,0.8325546111576977,16.0,2.5464790894703255,3.3504980811512097,5.170112392916099,6.532237724175007,146.71235324049746,0.9519046662436574,3.708994804513593e-18,169.23647119727153,0.25,0.25,0.39126320608978427,0.32574798640639446,1.4772229545520716
open_path,2,1.0,500.0,8,0.07355168836250162,0.07112016513567658,0.33544847790215765,0.16003957233568347,0.2020306810448747,0.20115820418617594,0.1005504398979009,0.25487975688092496,0.13300060443323594,0.4094116788115822,0.07368773081624959,0.22300561560141033,-0.00013604245374796136,0.04104703777094097,0.27747179872795374,0.5767777953268458,0.875,1.0,0.999940592723037,1.462271342368194,5.940727696296389e-05,0.999940592723037,0.8325546111576977,4.0,0.6366197723675814,0.8376245202878024,2.520443781600874,3.045686789392893,179.46661712279476,0.6773602647829667,3.469446951953614e-18,169.23647119727153,0.5,0.5,0.5730036391936022,0.47705682202077515,2.9544459091041433
open_path,2,2.0,100.0,8,-0.07516733088275172,0.05323934647164803,0.20085984121311865,0.1356616412367736,0.15965939910050506,0.15058361166416967,0.07720880755528722,0.19891417095574107,0.09956199127000655,0.3064786221489635,-0.12429276626665439,0.14101237804036518,0.04912543538390265,0.049685490919462894,0.27747179872795374,0.48892046636343967,0.875,1.0,0.999940592723037,0.8153295710281316,5.940727696296389e-05,0.999940592723037,1.2686362411795196,100.0,15.915494309189532,31.325044855666228,20.713924341161412,39.0978295264361,90.46765001923414,2.5266379240890484,4.728059221007268e-18,169.23647119727153,0.1,0.2,0.3198553883463036,0.20289006879633506,0.5908891818208286
open_path,2,2.0,250.0,8,-0.10286533179721796,0.057227423397455686,0.11530838087729652,0.14972942243160445,0.18304677655379062,0.16186359661669844,0.08473659943528161,0.20721214582111794,0.1070200257198251,0.3294364607072655,-0.14605025567461105,0.14045439295323667,0.043184923877393123,0.06373279935034047,0.27747179872795374,0.5396203258061772,0.875,1.0,0.999940592723037,0.8015249539662512,5.940727696296389e-05,0.999940592723037,1.2686362411795196,16.0,2.5464790894703255,5.012007176906597,5.170112392916099,9.215997333756238,146.71235324049766,1.862830543562864,2.271286182423036e-18,169.23647119727153,0.25,0.5,0.6588079411669524,0.4178938150706303,1.4772229545520716
open_path,2,2.0,500.0,8,0.09137133202380296,0.1120834228062017,0.4418029362094463,0.24819168183541263,0.310302394434011,0.3170197932994567,0.1545536548350942,0.4050349548820989,0.20960529199745587,0.6452215375272818,0.10663180232362253,0.3509742870834236,-0.01526047029981955,0.06418961909804115,0.27747179872795374,0.894475341181434,0.5,0.875,0.999940592723037,1.9641484896087735,5.940727696296389e-05,0.999940592723037,1.2686362411795196,4.0,0.6366197723675814,1.2530017942266491,2.520443781600874,4.038083660192765,179.46661713027285,1.0906293702294476,5.078750300253898e-18,169.23647119727153,0.5,1.0,0.9952732679342243,0.6313198687892656,2.9544459091041433
open_path,3,0.5,100.0,8,0.005339421589529811,0.01392237182411819,0.7127208330091621,0.03461765263537124,0.03722010858895683,0.039378414108137985,0.023859015192827415,0.047149926712035224,0.026035989430276196,0.08014578721347726,-0.02980219538735565,0.0362789138662475,0.03514161697688546,0.017331235109328116,0.2354933675266722,0.14700054187916953,1.0,1.0,0.9999572083229424,0.49910881875414304,4.279167705767417e-05,0.9999572083229424,0.4723807270774388,100.0,15.915494309189532,17.331091860990895,20.713924341161412,22.446756349031016,90.46765001923409,0.5152781959709859,3.708994804513593e-18,158.09062821657017,0.1,0.05,0.10553419654025298,0.09970464098643605,0.6325485648839908
open_path,3,0.5,250.0,8,-0.0009012133013129218,0.018770274171236348,0.9630471945544122,0.04327021796069758,0.049669654042062146,0.0530903526048477,0.02805056603132058,0.06562960798088772,0.03510196869466594,0.10805331294632471,-0.034989923585666036,0.04986372367460791,0.03408871028435308,0.02449729659197719,0.2354933675266722,0.18374283070115233,1.0,1.0,0.9999572083229424,0.5470308397412952,4.279167705767417e-05,0.9999572083229424,0.4723807270774388,16.0,2.5464790894703255,2.7729746977585426,5.170112392916099,5.55888042629965,146.71235324049783,0.4727885116139039,4.349181921048444e-18,158.09062821657017,0.25,0.125,0.2120685847908183,0.20035422454754045,1.581371412209977
open_path,3,0.5,500.0,8,0.05938040296050791,0.03708586106461649,0.15337512985706023,0.08828830078903788,0.11468897022852965,0.1048946553797299,0.05001114201058749,0.1324981039727219,0.06935363448764975,0.21348916456636804,0.03474254472947399,0.11513257148342008,0.0246378582310339,0.021397302925893737,0.2354933675266722,0.37490780193220635,0.875,1.0,0.9999572083229424,0.7879505010107583,4.279167705767417e-05,0.9999572083229424,0.4723807270774388,4.0,0.6366197723675814,0.6932436744396356,2.520443781600874,2.672071437505526,179.46661709512728,0.3736388308780716,4.349181921048444e-18,158.09062821657017,0.5,0.25,0.3058764012790317,0.28898023366403885,3.162742824419954
open_path,3,1.0,100.0,8,-0.020797030160490552,0.026712160082742804,0.4617406677205439,0.06628202861233932,0.07367016314288236,0.07555339813859219,0.04061896456111957,0.09211024191444513,0.0499539537055991,0.15377172259507896,-0.05918614374163554,0.06767802049162569,0.038389113581144996,0.027540318577757072,0.2354933675266722,0.2814602776650691,1.0,1.0,0.9999572083229424,0.6068859885770174,4.279167705767417e-05,0.9999572083229424,0.8325546111576977,100.0,15.915494309189532,20.940613007195054,20.713924341161412,26.82208436150551,90.46765001923416,1.1135032030016303,4.146782255542969e-18,158.09062821657017,0.1,0.1,0.19308731254729677,0.1607557324172995,0.6325485648839908
open_path,3,1.0,250.0,8,-0.035921415366387544,0.03352597537066405,0.3195119479446379,0.07965647477714849,0.09569893026468555,0.0948257781219589,0.052566278607462415,0.11617063738292602,0.06269635313705577,0.19299625969813558,-0.07163968141171065,0.08285245195480005,0.03571826604532312,0.03943218687943982,0.2354933675266722,0.3382535806157111,1.0,1.0,0.9999572083229424,0.7109968769774417,4.279167705767417e-05,0.9999572083229424,0.8325546111576977,16.0,2.5464790894703255,3.3504980811512097,5.170112392916099,6.532237724175007,146.71235324049746,0.9519046662436574,3.708994804513593e-18,158.09062821657017,0.25,0.25,0.39126320608978427,0.32574798640639446,1.581371412209977
open_path,3,1.0,500.0,8,0.07349641016968302,0.06820706773866722,0.31696239737464316,0.15332762359508992,0.19485161260400252,0.19291872049144718,0.09316296695911992,0.2425567360381637,0.12755287081456393,0.3926420876052625,0.05765248069548774,0.2091584677788108,0.0158439294741953,0.038634464152225885,0.2354933675266722,0.6510910485736882,0.875,1.0,0.9999572083229424,1.1679159407993718,4.279167705767417e-05,0.9999572083229424,0.8325546111576977,4.0,0.6366197723675814,0.8376245202878024,2.520443781600874,3.045686789392893,179.46661712279476,0.6773602647829667,3.469446951953614e-18,158.09062821657017,0.5,0.5,0.5730036391936022,0.47705682202077515,3.162742824419954
open_path,3,2.0,100.0,8,-0.06051574700710983,0.05158243920651419,0.2790913787767224,0.1269508815558656,0.14928962414476316,0.14589717021227608,0.07699369602372216,0.1895566671259332,0.0964634373320029,0.29694043865684916,-0.10841055544008182,0.1351212504298689,0.04789480843297199,0.037262783233672984,0.2354933675266722,0.5390847431891559,0.875,1.0,0.9999572083229424,0.836415942117608,4.279167705767417e-05,0.9999572083229424,1.2686362411795196,100.0,15.915494309189532,31.325044855666228,20.713924341161412,39.0978295264361,90.46765001923414,2.5266379240890484,4.728059221007268e-18,158.09062821657017,0.1,0.2,0.3198553883463036,0.20289006879633506,0.6325485648839908
open_path,3,2.0,250.0,8,-0.08373704745985161,0.05606597581595749,0.17893542941329746,0.1395540173733123,0.1703398034126556,0.1585785267732181,0.08041964750801617,0.20139299520403242,0.10484802246221048,0.3227504497385664,-0.1257051884213473,0.13663403568006252,0.04196814096149572,0.05110827142852824,0.2354933675266722,0.5926027507229319,0.875,1.0,0.9999572083229424,0.9224809358886292,4.279167705767417e-05,0.9999572083229424,1.2686362411795196,16.0,2.5464790894703255,5.012007176906597,5.170112392916099,9.215997333756238,146.71235324049766,1.862830543562864,2.271286182423036e-18,158.09062821657017,0.25,0.5,0.6588079411669524,0.4178938150706303,1.581371412209977
open_path,3,2.0,500.0,8,0.08809171487757154,0.10700086853563465,0.4374935456148344,0.234048189967261,0.2964868484464911,0.3026441589375902,0.1421010879502721,0.3839563014955808,0.20010049418433826,0.6159632101233147,0.08338220575764933,0.32641473431599477,0.004709509119922227,0.06141876652057564,0.2354933675266722,0.9938631920950067,0.5,0.875,0.9999572083229424,1.6632846318657826,4.279167705767417e-05,0.9999572083229424,1.2686362411795196,4.0,0.6366197723675814,1.2530017942266491,2.520443781600874,4.038083660192765,179.46661713027285,1.0906293702294476,5.078750300253898e-18,158.09062821657017,0.5,1.0,0.9952732679342243,0.6313198687892656,3.162742824419954
open_path,4,0.5,100.0,8,0.02345688346526831,0.014122033870236033,0.14066749436337872,0.035140331792535465,0.04411630386067983,0.03994314365516002,0.02231025458693736,0.047714855303226625,0.0264093740078484,0.08129516549937012,-0.032825382982474054,0.04279626709525029,0.05628226644774234,0.023983123487758676,0.20729156282554181,0.16952128351750545,1.0,1.0,0.9999668437657884,0.5613795013837461,3.315623421162872e-05,0.9999668437657884,0.4723807270774388,100.0,15.915494309189532,17.331091860990895,20.713924341161412,22.446756349031016,90.46765001923409,0.5152781959709859,3.708994804513593e-18,150.35257070697764,0.1,0.05,0.10553419654025298,0.09970464098643605,0.6651033602537475
open_path,4,0.5,250.0,8,0.016758356006670437,0.018734253581124072,0.40074830571772707,0.04327371746392609,0.05232254100040754,0.052988470990724776,0.0278146394278551,0.06661310697201354,0.03503460720516665,0.10784595614053669,-0.0374646465638822,0.055964998013403953,0.05422300257055261,0.031258431389536614,0.20729156282554181,0.2087577365623201,1.0,1.0,0.9999668437657884,0.608615267411623,3.315623421162872e-05,0.9999668437657884,0.4723807270774388,16.0,2.5464790894703255,2.7729746977585426,5.170112392916099,5.55888042629965,146.71235324049783,0.4727885116139039,4.349181921048444e-18,150.35257070697764,0.25,0.125,0.2120685847908183,0.20035422454754045,1.6627584006343687
open_path,4,0.5,500.0,8,0.08205094428331097,0.037392803394082935,0.06426972457049392,0.09628991102985417,0.12852980073688275,0.10576281939012558,0.0555383063426907,0.1338729908263144,0.06992764208826911,0.21525611454694615,0.039090923928809584,0.11334492359689095,0.04296002035450133,0.021411401345818436,0.20729156282554181,0.4645143763564198,0.875,1.0,0.9999668437657884,0.8326936883070073,3.315623421162872e-05,0.9999668437657884,0.4723807270774388,4.0,0.6366197723675814,0.6932436744396356,2.520443781600874,2.672071437505526,179.46661709512728,0.3736388308780716,4.349181921048444e-18,150.35257070697764,0.5,0.25,0.3058764012790317,0.28898023366403885,3.3255168012687375
open_path,4,1.0,100.0,8,-0.0030569296527324496,0.026533173153560966,0.9115126827055341,0.0647076454625012,0.07026670450561699,0.07504714665311925,0.042388636615228986,0.08893403258371789,0.04961923331059693,0.15274136307577987,-0.06489000670340406,0.07488498422598605,0.061833077050671585,0.04087669246805457,0.20729156282554181,0.3121576420211548,1.0,1.0,0.9999668437657884,0.6731163254893922,3.315623421162872e-05,0.9999668437657884,0.8325546111576977,100.0,15.915494309189532,20.940613007195054,20.713924341161412,26.82208436150551,90.46765001923416,1.1135032030016303,4.146782255542969e-18,150.35257070697764,0.1,0.1,0.19308731254729677,0.1607557324172995,0.6651033602537475
open_path,4,1.0,250.0,8,-0.019264340955186986,0.032867271631796854,0.5761943518852586,0.0764621428665894,0.08906692789170358,0.0929626825997752,0.04962662318319781,0.11487665563906758,0.06146452254098447,0.1892043533793776,-0.07642049062338643,0.0899324502801953,0.05715614966819944,0.051599585761438,0.20729156282554181,0.36886278353229707,1.0,1.0,0.9999668437657884,0.7795957318123692,3.315623421162872e-05,0.9999668437657884,0.8325546111576977,16.0,2.5464790894703255,3.3504980811512097,5.170112392916099,6.532237724175007,146.71235324049746,0.9519046662436574,3.708994804513593e-18,150.35257070697764,0.25,0.25,0.39126320608978427,0.32574798640639446,1.6627584006343687
open_path,4,1.0,500.0,8,0.0981303885129467,0.06884102394711444,0.19705237261560912,0.15818244617736876,0.20688929212579407,0.19471181942732055,0.09715092965872095,0.24509321429117925,0.1287384214772604,0.3962915318254532,0.06551729911159551,0.20593239142850497,0.032613089401351145,0.038433783936967454,0.20729156282554181,0.7630915799042739,0.625,0.875,0.9999668437657884,1.1914916310377057,3.315623421162872e-05,0.9999668437657884,0.8325546111576977,4.0,0.6366197723675814,0.8376245202878024,2.520443781600874,3.045686789392893,179.46661712279476,0.6773602647829667,3.469446951953614e-18,150.35257070697764,0.5,0.5,0.5730036391936022,0.47705682202077515,3.3255168012687375
open_path,4,2.0,100.0,8,-0.04251133944216586,0.05103612051419841,0.4323621533331383,0.12425518081738524,0.14156275343869776,0.14435194760417427,0.07605052599262645,0.18558766250471137,0.09544177608933624,0.293795490208537,-0.11782644087249369,0.13698333924707176,0.07531510143032785,0.06090993436021229,0.20729156282554181,0.5994222780883725,0.875,1.0,0.9999668437657884,0.9150750521240676,3.315623421162872e-05,0.9999668437657884,1.2686362411795196,100.0,15.915494309189532,31.325044855666228,20.713924341161412,39.0978295264361,90.46765001923414,2.5266379240890484,4.728059221007268e-18,150.35257070697764,0.1,0.2,0.3198553883463036,0.20289006879633506,0.6651033602537475
open_path,4,2.0,250.0,8,-0.06811479009751988,0.054673002868581705,0.2528959560953272,0.13560410412597396,0.15988616365622388,0.15463860430482276,0.08016637913029451,0.19510532889926244,0.1022430475777077,0.3147316354988037,-0.13408579978061752,0.13846668133593001,0.06597100968309763,0.06914634428191181,0.20729156282554181,0.6541708802692536,0.75,1.0,0.9999668437657884,1.0131503259131827,3.315623421162872e-05,0.9999668437657884,1.2686362411795196,16.0,2.5464790894703255,5.012007176906597,5.170112392916099,9.215997333756238,146.71235324049766,1.862830543562864,2.271286182423036e-18,150.35257070697764,0.25,0.5,0.6588079411669524,0.4178938150706303,1.6627584006343687
open_path,4,2.0,500.0,8,0.1144307501638101,0.10807925973017969,0.32486735591035987,0.24294400589525775,0.3079972098409624,0.30569430984332885,0.14721747228644166,0.38221374039250433,0.20211717511324714,0.6221710971344323,0.09518560304594935,0.3211006941912296,0.019245147117860753,0.059540219084628386,0.20729156282554181,1.1719917713183596,0.5,0.875,0.9999668437657884,1.672533723564095,3.315623421162872e-05,0.9999668437657884,1.2686362411795196,4.0,0.6366197723675814,1.2530017942266491,2.520443781600874,4.038083660192765,179.46661713027285,1.0906293702294476,5.078750300253898e-18,150.35257070697764,0.5,1.0,0.9952732679342243,0.6313198687892656,3.3255168012687375
point,1,0.5,100.0,8,0.01669596840485059,0.030426140979504048,0.6002420177721612,0.06487379068973143,0.0822131725778075,0.08605812244778087,0.03547949988026282,0.10679919329326618,0.05689940585943482,0.17515169480291065,-0.12126876197050027,0.09649442084969499,0.13796473037535084,0.05285137291889261,0.35357635449256963,0.18347887200441948,1.0,1.0,0.9999035353096268,,9.646469037327687e-05,0.9999035353096268,0.4723807270774388,100.0,15.915494309189532,17.331091860990895,20.713924341161412,22.446756349031016,90.46765001923409,0.5152781959709859,3.708994804513593e-18,92.13558362958626,0.1,0.05,0.10553419654025298,0.09970464098643605,1.0853569930379032
point,1,0.5,250.0,8,0.0004236116175806992,0.034309526618479635,0.9904934791022258,0.07163482696841852,0.09077546344850954,0.09704199572490924,0.04328848155199346,0.11951394979960016,0.06416165892431148,0.19750686553251612,-0.1274221426175506,0.1103923390954748,0.12784575423513128,0.05410696575368632,0.35357635449256963,0.202600728409071,1.0,1.0,0.9999035353096268,,9.646469037327687e-05,0.9999035353096268,0.4723807270774388,16.0,2.5464790894703255,2.7729746977585426,5.170112392916099,5.55888042629965,146.71235324049783,0.4727885116139039,4.349181921048444e-18,92.13558362958626,0.25,0.125,0.2120685847908183,0.20035422454754045,2.7133924825947577
point,1,0.5,500.0,8,0.10354401211277084,0.05806688028607697,0.1177453299851582,0.1442394619740242,0.1852665661891341,0.16423793925052993,0.08418440603396046,0.20581785507599878,0.10858987968978259,0.33426889400385223,0.05249795575117091,0.17444720053948778,0.05104605636159989,0.08276119531779261,0.35357635449256963,0.40794431002329756,0.875,1.0,0.9999035353096268,,9.646469037327687e-05,0.9999035353096268,0.4723807270774388,4.0,0.6366197723675814,0.6932436744396356,2.520443781600874,2.672071437505526,179.46661709512728,0.3736388308780716,4.349181921048444e-18,92.13558362958626,0.5,0.25,0.3058764012790317,0.28898023366403885,5.4267849651895155
point,1,1.0,100.0,8,-0.027268791307229076,0.055624440361470726,0.638961976256678,0.13238929394348728,0.14967342963280061,0.1573296759172106,0.05864715511454961,0.19588579175980106,0.10402231456047241,0.3202086984457874,-0.22598617434049245,0.1420158095966653,0.19871738303326336,0.09985625223769122,0.35357635449256963,0.37442915020005785,1.0,1.0,0.9999035353096268,,9.646469037327687e-05,0.9999035353096268,0.8325546111576977,100.0,15.915494309189532,20.940613007195054,20.713924341161412,26.82208436150551,90.46765001923416,1.1135032030016303,4.146782255542969e-18,92.13558362958626,0.1,0.1,0.19308731254729677,0.1607557324172995,1.0853569930379032
point,1,1.0,250.0,8,-0.06206195288972215,0.06193215017977702,0.34967167628577916,0.15658544599635144,0.17521650772036085,0.17517057346233597,0.07518752755939896,0.21571440899093902,0.11581825480925785,0.3565197792938495,-0.2415410123468244,0.16557866212077124,0.17947905945710224,0.08570231928049646,0.35357635449256963,0.44286175816556783,1.0,1.0,0.9999035353096268,,9.646469037327687e-05,0.9999035353096268,0.8325546111576977,16.0,2.5464790894703255,3.3504980811512097,5.170112392916099,6.532237724175007,146.71235324049746,0.9519046662436574,3.708994804513593e-18,92.13558362958626,0.25,0.25,0.39126320608978427,0.32574798640639446,2.7133924825947577
point,1,1.0,500.0,8,0.12220554284796027,0.10765213589811524,0.2936659757677334,0.24406517877304926,0.3099307523411457,0.30448622121109226,0.14134402771626142,0.3827699559097993,0.20131841814011528,0.6197123080580524,0.07853177266659692,0.33439534465421966,0.043673770181363376,0.14795209631650647,0.35357635449256963,0.6902757372543085,0.75,1.0,0.9999035353096268,,9.646469037327687e-05,0.9999035353096268,0.8325546111576977,4.0,0.6366197723675814,0.8376245202878024,2.520443781600874,3.045686789392893,179.46661712279476,0.6773602647829667,3.469446951953614e-18,92.13558362958626,0.5,0.5,0.5730036391936022,0.47705682202077515,5.4267849651895155
point,1,2.0,100.0,8,-0.08900692530774675,0.09457432192687355,0.377972167291471,0.2320623376205092,0.2655792712698682,0.26749657744244754,0.10244396016512444,0.347774970600421,0.1768618219058071,0.5444283184478292,-0.365036094285893,0.18648471136143396,0.2760291689781462,0.18204385849921892,0.35357635449256963,0.6563287806775155,0.75,1.0,0.9999035353096268,,9.646469037327687e-05,0.9999035353096268,1.2686362411795196,100.0,15.915494309189532,31.325044855666228,20.713924341161412,39.0978295264361,90.46765001923414,2.5266379240890484,4.728059221007268e-18,92.13558362958626,0.1,0.2,0.3198553883463036,0.20289006879633506,1.0853569930379032
point,1,2.0,250.0,8,-0.14142383728962213,0.09785088091568944,0.19161040416913425,0.26324223594846463,0.29499875597289654,0.27676408576224537,0.13348496041570557,0.35011024755451325,0.1829892588309368,0.5632902194821868,-0.3861319166294367,0.21504669917235153,0.24470807933981456,0.12903825111844563,0.35357635449256963,0.7445131231307964,0.75,1.0,0.9999035353096268,,9.646469037327687e-05,0.9999035353096268,1.2686362411795196,16.0,2.5464790894703255,5.012007176906597,5.170112392916099,9.215997333756238,146.71235324049766,1.862830543562864,2.271286182423036e-18,92.13558362958626,0.25,0.5,0.6588079411669524,0.4178938150706303,2.7133924825947577
point,1,2.0,500.0,8,0.14062809196094073,0.1704069496725574,0.43644730719568897,0.38270091814219787,0.472277418182908,0.48198363869912025,0.2328060250027824,0.5983242498726394,0.31867512206752335,0.9809678480569914,0.1054589489676291,0.5487951247745797,0.03516914299331166,0.24110198845975656,0.35357635449256963,1.0823713556621342,0.5,0.875,0.9999035353096268,,9.646469037327687e-05,0.9999035353096268,1.2686362411795196,4.0,0.6366197723675814,1.2530017942266491,2.520443781600874,4.038083660192765,179.46661713027285,1.0906293702294476,5.078750300253898e-18,92.13558362958626,0.5,1.0,0.9952732679342243,0.6313198687892656,5.4267849651895155
point,2,0.5,100.0,8,0.05677436964837588,0.021283544374608748,0.03211476098618706,0.06589036917417318,0.07996407866656129,0.060198954219882576,0.030338420678027226,0.07500426198649435,0.039801992316867714,0.12252125141788002,0.016764696853232966,0.11464542526602717,0.04000967279514289,0.09869773366173444,0.28665761540858953,0.2298573825790599,1.0,1.0,0.9999365942104642,0.5086186424015282,6.340578953578646e-05,0.9999365942104642,0.4723807270774388,100.0,15.915494309189532,17.331091860990895,20.713924341161412,22.446756349031016,90.46765001923409,0.5152781959709859,3.708994804513593e-18,115.32524641957517,0.1,0.05,0.10553419654025298,0.09970464098643605,0.8671128231209756
point,2,0.5,250.0,8,0.051973198981579136,0.026831025537155127,0.0939413592743731,0.07145190563083614,0.08798034400937016,0.07588960041404728,0.03781208901826752,0.09596736800130366,0.05017624195890828,0.1544559857031695,0.0020220996055774296,0.11936477714211938,0.049951099376001715,0.08290018414326598,0.28665761540858953,0.24925870372915662,1.0,1.0,0.9999365942104642,0.5538127973458726,6.340578953578646e-05,0.9999365942104642,0.4723807270774388,16.0,2.5464790894703255,2.7729746977585426,5.170112392916099,5.55888042629965,146.71235324049783,0.4727885116139039,4.349181921048444e-18,115.32524641957517,0.25,0.125,0.2120685847908183,0.20035422454754045,2.1677820578024387
point,2,0.5,500.0,8,0.11013904371563252,0.03614513302758149,0.018658404899304017,0.1130729166174915,0.14586261838341225,0.10223387468277087,0.0508467827540827,0.1285897101438146,0.067594395075111,0.20807375187416075,-0.0032901522023154658,0.10053878801662555,0.11342919591794796,0.07756648091500054,0.28665761540858953,0.39445286132141366,1.0,1.0,0.9999365942104642,1.2003714873053761,6.340578953578646e-05,0.9999365942104642,0.4723807270774388,4.0,0.6366197723675814,0.6932436744396356,2.520443781600874,2.672071437505526,179.46661709512728,0.3736388308780716,4.349181921048444e-18,115.32524641957517,0.5,0.25,0.3058764012790317,0.28898023366403885,4.335564115604877
point,2,1.0,100.0,8,0.0303020717240316,0.038358613844492045,0.4554692528361622,0.0976171428353057,0.10591458040923522,0.10849454386542605,0.05041224046927308,0.12949526508777073,0.07173378769306764,0.2208159171312263,0.023840602242199613,0.22183490552860324,0.006461469481832009,0.18334883374093908,0.28665761540858953,0.34053566899371013,1.0,1.0,0.9999365942104642,0.5766077465475281,6.340578953578646e-05,0.9999365942104642,0.8325546111576977,100.0,15.915494309189532,20.940613007195054,20.713924341161412,26.82208436150551,90.46765001923416,1.1135032030016303,4.146782255542969e-18,115.32524641957517,0.1,0.1,0.19308731254729677,0.1607557324172995,0.8671128231209756
point,2,1.0,250.0,8,0.01717116351001766,0.0472382487748093,0.7269603528972604,0.10711115634299809,0.12615472201809638,0.1336099441601791,0.07213833458101854,0.1648420492837434,0.0883394411055094,0.2719325903999092,-0.00561719624832261,0.22733037952781865,0.022788359758340298,0.1525329129682009,0.28665761540858953,0.3736553664912283,1.0,1.0,0.9999365942104642,0.6556190786829124,6.340578953578646e-05,0.9999365942104642,0.8325546111576977,16.0,2.5464790894703255,3.3504980811512097,5.170112392916099,6.532237724175007,146.71235324049746,0.9519046662436574,3.708994804513593e-18,115.32524641957517,0.25,0.25,0.39126320608978427,0.32574798640639446,2.1677820578024387
point,2,1.0,500.0,8,0.12176398214955193,0.06625335537913285,0.10868652821558769,0.16106872268099381,0.2134315277597762,0.18739278745978827,0.10046923111332139,0.23439090558041586,0.12389926674585787,0.38139531033040686,-0.010038685864184932,0.16908555452542307,0.13180266801373683,0.13817538416528544,0.28665761540858953,0.5618853783159166,0.875,1.0,0.9999365942104642,1.9467399487402288,6.340578953578646e-05,0.9999365942104642,0.8325546111576977,4.0,0.6366197723675814,0.8376245202878024,2.520443781600874,3.045686789392893,179.46661712279476,0.6773602647829667,3.469446951953614e-18,115.32524641957517,0.5,0.5,0.5730036391936022,0.47705682202077515,4.335564115604877
point,2,2.0,100.0,8,-0.00814535108967843,0.0669935594425475,0.9066450996206137,0.15008268409836725,0.177435356656584,0.18948640071059764,0.08059488233467728,0.24275591934629556,0.12528350970494376,0.3856563829486667,0.02047711236150407,0.3929153412219922,-0.028622463451182512,0.30924219976502926,0.28665761540858953,0.5235607778444882,0.875,1.0,0.9999365942104642,0.7659722844621035,6.340578953578646e-05,0.9999365942104642,1.2686362411795196,100.0,15.915494309189532,31.325044855666228,20.713924341161412,39.0978295264361,90.46765001923414,2.5266379240890484,4.728059221007268e-18,115.32524641957517,0.1,0.2,0.3198553883463036,0.20289006879633506,0.8671128231209756
point,2,2.0,250.0,8,-0.028735096061011836,0.07565407024728923,0.715338494991848,0.16014483071382438,0.20221393166769694,0.2139820243848866,0.10714506085836337,0.2672483375109338,0.1414793828378846,0.43551164215920096,-0.020513436274141074,0.39130167806189803,-0.008221659786870759,0.2564184852268178,0.28665761540858953,0.558662397597778,0.875,1.0,0.9999365942104642,0.773071391237305,6.340578953578646e-05,0.9999365942104642,1.2686362411795196,16.0,2.5464790894703255,5.012007176906597,5.170112392916099,9.215997333756238,146.71235324049766,1.862830543562864,2.271286182423036e-18,115.32524641957517,0.25,0.5,0.6588079411669524,0.4178938150706303,2.1677820578024387
point,2,2.0,500.0,8,0.13358323155815086,0.10307663644430289,0.2360806089871024,0.2374871752863636,0.3036742179017104,0.291544754446668,0.14366177620301931,0.3644241102639526,0.19276185486751798,0.5933729019386605,-0.022395038316963062,0.2462489474128876,0.15597826987511393,0.2163865505139943,0.28665761540858953,0.8284697929544258,0.625,0.875,0.9999365942104642,2.9121832604664633,6.340578953578646e-05,0.9999365942104642,1.2686362411795196,4.0,0.6366197723675814,1.2530017942266491,2.520443781600874,4.038083660192765,179.46661713027285,1.0906293702294476,5.078750300253898e-18,115.32524641957517,0.5,1.0,0.9952732679342243,0.6313198687892656,4.335564115604877
point,3,0.5,100.0,8,0.06846721832519395,0.015360975134585217,0.0029459061494512004,0.06846721832519395,0.07962083197748684,0.043447398733212586,0.0226834832384064,0.053029893867161705,0.02872629687636771,0.08842727805870519,-0.05400867137176711,0.05666938441069598,0.12247588969696104,0.04373643809234912,0.24169507105538915,0.2832793322024484,1.0,1.0,0.9999549248132404,0.43155762230056366,4.5075186759557795e-05,0.9999549248132404,0.4723807270774388,100.0,15.915494309189532,17.331091860990895,20.713924341161412,22.446756349031016,90.46765001923409,0.5152781959709859,3.708994804513593e-18,111.27543988126716,0.1,0.05,0.10553419654025298,0.09970464098643605,0.8986709026421441
point,3,0.5,250.0,8,0.06183579350302512,0.020668796740296026,0.02017640888225603,0.06695190395626649,0.08254731654627222,0.05846018533611892,0.02980909056871864,0.07235805093823632,0.038652363280130865,0.11898238363643887,-0.05010068410260698,0.0615276832973184,0.11193647760563208,0.04033363532382951,0.24169507105538915,0.27700980273992915,1.0,1.0,0.9999549248132404,0.47725973174640646,4.5075186759557795e-05,0.9999549248132404,0.4723807270774388,16.0,2.5464790894703255,2.7729746977585426,5.170112392916099,5.55888042629965,146.71235324049783,0.4727885116139039,4.349181921048444e-18,111.27543988126716,0.25,0.125,0.2120685847908183,0.20035422454754045,2.24667725660536
point,3,0.5,500.0,8,0.12296709463015937,0.03883287379604246,0.015783049964326588,0.12384669882701135,0.16023997932038714,0.10983595357657205,0.04974821543237333,0.14006917660538648,0.0726206931170687,0.22354605087862325,0.020362647929379828,0.09905150550096223,0.10260444670077948,0.04879682138395936,0.24169507105538915,0.5124088724119221,0.875,1.0,0.9999549248132404,0.7938207082772825,4.5075186759557795e-05,0.9999549248132404,0.4723807270774388,4.0,0.6366197723675814,0.6932436744396356,2.520443781600874,2.672071437505526,179.46661709512728,0.3736388308780716,4.349181921048444e-18,111.27543988126716,0.5,0.25,0.3058764012790317,0.28898023366403885,4.49335451321072
point,3,1.0,100.0,8,0.03876159162289293,0.02863930752831699,0.21798999729258306,0.06748322195584025,0.08511128324170963,0.08100419424703954,0.04390243599795038,0.10011678617797093,0.05355787918305497,0.164865575787135,-0.11300565011722491,0.10192436962483804,0.15176724174011785,0.0844185333339945,0.24169507105538915,0.27920810160160503,1.0,1.0,0.9999549248132404,0.5570960903800034,4.5075186759557795e-05,0.9999549248132404,0.8325546111576977,100.0,15.915494309189532,20.940613007195054,20.713924341161412,26.82208436150551,90.46765001923416,1.1135032030016303,4.146782255542969e-18,111.27543988126716,0.1,0.1,0.19308731254729677,0.1607557324172995,0.8986709026421441
point,3,1.0,250.0,8,0.02281428513064168,0.03687876782010119,0.5557481487198426,0.08582249351033006,0.10020377346948933,0.10430890722959113,0.05552116045878504,0.12872140332636464,0.06896635295305222,0.2122970077041645,-0.1078201908756336,0.10460754691488704,0.13063447600627526,0.0778834527651588,0.24169507105538915,0.3550858241981366,1.0,1.0,0.9999549248132404,0.6589229079737757,4.5075186759557795e-05,0.9999549248132404,0.8325546111576977,16.0,2.5464790894703255,3.3504980811512097,5.170112392916099,6.532237724175007,146.71235324049746,0.9519046662436574,3.708994804513593e-18,111.27543988126716,0.25,0.25,0.39126320608978427,0.32574798640639446,2.24667725660536
point,3,1.0,500.0,8,0.13419670102743658,0.0714415151056926,0.10240432397255148,0.17288175325219957,0.2318102351727066,0.20206711915790565,0.10101526509561719,0.25469555024327467,0.1336015555160294,0.41126156808643594,0.033420195090616195,0.17660607556350935,0.10077650593682037,0.09317862108264828,0.24169507105538915,0.7152887003334061,0.625,0.875,0.9999549248132404,1.2483993343501498,4.5075186759557795e-05,0.9999549248132404,0.8325546111576977,4.0,0.6366197723675814,0.8376245202878024,2.520443781600874,3.045686789392893,179.46661712279476,0.6773602647829667,3.469446951953614e-18,111.27543988126716,0.5,0.5,0.5730036391936022,0.47705682202077515,4.49335451321072
point,3,2.0,100.0,8,-0.007041869323593427,0.05464635237760878,0.9010907482155562,0.11827466290410785,0.14475204565330016,0.15456322533326713,0.07923409547711939,0.20196065091328338,0.10219320895034964,0.3145782187817648,-0.21191264651327693,0.17059626712610307,0.2048707771896835,0.1429300237415804,0.24169507105538915,0.48935488170134384,0.875,1.0,0.9999549248132404,0.8604941879509396,4.5075186759557795e-05,0.9999549248132404,1.2686362411795196,100.0,15.915494309189532,31.325044855666228,20.713924341161412,39.0978295264361,90.46765001923414,2.5266379240890484,4.728059221007268e-18,111.27543988126716,0.1,0.2,0.3198553883463036,0.20289006879633506,0.8986709026421441
point,3,2.0,250.0,8,-0.03104176895784884,0.06125882407119597,0.6279112394672949,0.13452697613928383,0.16502150195090529,0.17326611963302552,0.08764329721617371,0.2209262691448443,0.11455907916967492,0.3526436975668745,-0.20009262581287507,0.16627757764607837,0.16905085685502622,0.1250492920891031,0.24169507105538915,0.5565979295806753,0.875,1.0,0.9999549248132404,0.9256055961561517,4.5075186759557795e-05,0.9999549248132404,1.2686362411795196,16.0,2.5464790894703255,5.012007176906597,5.170112392916099,9.215997333756238,146.71235324049766,1.862830543562864,2.271286182423036e-18,111.27543988126716,0.25,0.5,0.6588079411669524,0.4178938150706303,2.24667725660536
point,3,2.0,500.0,8,0.1443177231569371,0.11191694704994777,0.23819082398564512,0.25291364149772344,0.3294016188121547,0.3165489287548554,0.1488979691951242,0.3989981266311185,0.20929396853296428,0.6442632000611169,0.049002339033506856,0.2689939547862228,0.09531538412343021,0.1570534776035026,0.24169507105538915,1.0464162152473657,0.625,0.875,0.9999549248132404,1.8611413476423178,4.5075186759557795e-05,0.9999549248132404,1.2686362411795196,4.0,0.6366197723675814,1.2530017942266491,2.520443781600874,4.038083660192765,179.46661713027285,1.0906293702294476,5.078750300253898e-18,111.27543988126716,0.5,1.0,0.9952732679342243,0.6313198687892656,4.49335451321072
point,4,0.5,100.0,8,-0.04334149782597127,0.012813442223929406,0.011718623382803888,0.04587616720034895,0.055025226443700455,0.03624188754753008,0.021021246033227914,0.043098995711903676,0.02396219915127937,0.07376210224268127,-0.03899476542309644,0.07000235018940439,-0.004346732402874814,0.06265211667831662,0.20688518524721,0.22174699046493287,1.0,1.0,0.999966973638348,0.8175373034139031,3.302636165214423e-05,0.999966973638348,0.4723807270774388,100.0,15.915494309189532,17.331091860990895,20.713924341161412,22.446756349031016,90.46765001923409,0.5152781959709859,3.708994804513593e-18,91.46033820314577,0.1,0.05,0.10553419654025298,0.09970464098643605,1.0933701095428545
point,4,0.5,250.0,8,-0.04894302840317613,0.017074804271347655,0.02411620603634542,0.054408218285258526,0.06660527468307545,0.04829483955081182,0.026812801986642112,0.05879162594765255,0.03193129943295418,0.09829313906647351,-0.04107279658759725,0.07327400935325683,-0.007870231815578863,0.06430614398280632,0.20688518524721,0.26298750304544705,1.0,1.0,0.999966973638348,0.8628904608681828,3.302636165214423e-05,0.999966973638348,0.4723807270774388,16.0,2.5464790894703255,2.7729746977585426,5.170112392916099,5.55888042629965,146.71235324049783,0.4727885116139039,4.349181921048444e-18,91.46033820314577,0.25,0.125,0.2120685847908183,0.20035422454754045,2.733425273857136
point,4,0.5,500.0,8,0.014292871496381764,0.0338969027639609,0.6859221170271809,0.0805108919080805,0.09081457093736679,0.09587491922247113,0.04855017927692635,0.1198894284499288,0.06339001811119091,0.19513154729929852,0.06557096287500166,0.1203144681037121,-0.0512780913786199,0.040391172635793754,0.20688518524721,0.389157357071638,1.0,1.0,0.999966973638348,1.1280810238039842,3.302636165214423e-05,0.999966973638348,0.4723807270774388,4.0,0.6366197723675814,0.6932436744396356,2.520443781600874,2.672071437505526,179.46661709512728,0.3736388308780716,4.349181921048444e-18,91.46033820314577,0.5,0.25,0.3058764012790317,0.28898023366403885,5.466850547714272
point,4,1.0,100.0,8,-0.06719841211395422,0.02360969110220892,0.024822385004294442,0.07500889583148501,0.09174720261800297,0.06677829072036649,0.039522299512346586,0.07603943677818302,0.04415207952745014,0.1359119913731662,-0.07543317462110702,0.12022275676891671,0.008234762507152821,0.1049951990218644,0.20688518524721,0.36256291499005033,1.0,1.0,0.999966973638348,0.9266322793538309,3.302636165214423e-05,0.999966973638348,0.8325546111576977,100.0,15.915494309189532,20.940613007195054,20.713924341161412,26.82208436150551,90.46765001923416,1.1135032030016303,4.146782255542969e-18,91.46033820314577,0.1,0.1,0.19308731254729677,0.1607557324172995,1.0933701095428545
point,4,1.0,250.0,8,-0.08142498643847484,0.029106945588386866,0.02662195442327303,0.09553130041356125,0.11207376315134157,0.08232687442070487,0.04473111259455703,0.09937439461212785,0.05443240112105423,0.16755758982962432,-0.08292167416861522,0.11298810518267074,0.0014966877301404013,0.10384637249348684,0.20688518524721,0.461759986822689,1.0,1.0,0.999966973638348,1.0237950794660111,3.302636165214423e-05,0.999966973638348,0.8325546111576977,16.0,2.5464790894703255,3.3504980811512097,5.170112392916099,6.532237724175007,146.71235324049746,0.9519046662436574,3.708994804513593e-18,91.46033820314577,0.25,0.25,0.39126320608978427,0.32574798640639446,2.733425273857136
point,4,1.0,500.0,8,0.03198384871524364,0.06230203377720174,0.6234953952705786,0.14629608762924834,0.167910007051601,0.17621676226229074,0.08993558401849047,0.2187393516682984,0.11650996779858483,0.35864905816008424,0.11574317992555767,0.22057618012900976,-0.08375933121031404,0.07635677127602959,0.20688518524721,0.7071366055256063,0.875,1.0,0.999966973638348,1.5090147138180283,3.302636165214423e-05,0.999966973638348,0.8325546111576977,4.0,0.6366197723675814,0.8376245202878024,2.520443781600874,3.045686789392893,179.46661712279476,0.6773602647829667,3.469446951953614e-18,91.46033820314577,0.5,0.5,0.5730036391936022,0.47705682202077515,5.466850547714272
point,4,2.0,100.0,8,-0.10275989780441558,0.04577407450660966,0.05964193331110776,0.12729652848256556,0.1588283912760263,0.12946863394464786,0.07006699050572253,0.1632755741841697,0.08560131384870899,0.26350389729897566,-0.13372032212508944,0.19390334825787764,0.03096042432067388,0.1494738361131796,0.20688518524721,0.6153003576861107,0.875,1.0,0.999966973638348,1.1688545078770791,3.302636165214423e-05,0.999966973638348,1.2686362411795196,100.0,15.915494309189532,31.325044855666228,20.713924341161412,39.0978295264361,90.46765001923414,2.5266379240890484,4.728059221007268e-18,91.46033820314577,0.1,0.2,0.3198553883463036,0.20289006879633506,1.0933701095428545
point,4,2.0,250.0,8,-0.12611153246803508,0.048291681537221035,0.034839533439043835,0.15109932825864647,0.17952360335421885,0.13658950195948077,0.07086050743236166,0.1702184200949828,0.09030944769735647,0.27799680123169423,-0.1464555355511722,0.15929572094666736,0.020344003083137115,0.14053014155008492,0.20688518524721,0.7303535440592122,0.625,1.0,0.999966973638348,1.2398287385881401,3.302636165214423e-05,0.999966973638348,1.2686362411795196,16.0,2.5464790894703255,5.012007176906597,5.170112392916099,9.215997333756238,146.71235324049766,1.862830543562864,2.271286182423036e-18,91.46033820314577,0.25,0.5,0.6588079411669524,0.4178938150706303,2.733425273857136
point,4,2.0,500.0,8,0.050244346682985275,0.09768471217339861,0.622841670077449,0.22600226860050204,0.26328808427347816,0.276294089584265,0.1281747103125961,0.34395537234755663,0.18267850950800665,0.5623336493783699,0.17620105988152807,0.35061890204007296,-0.12595671319854274,0.12973415048342307,0.20688518524721,1.092404312713106,0.5,0.875,0.999966973638348,2.017516440497217,3.302636165214423e-05,0.999966973638348,1.2686362411795196,4.0,0.6366197723675814,1.2530017942266491,2.520443781600874,4.038083660192765,179.46661713027285,1.0906293702294476,5.078750300253898e-18,91.46033820314577,0.5,1.0,0.9952732679342243,0.6313198687892656,5.466850547714272
