run,Q_pred_no_transport_error_kg_s,e_pure_representativeness,e_transport
source_heterogeneity_les_rice_paddy_l100_cv0p5_s0_wind3_n1_op,0.027655302612053893,-0.0044170706294948256,0.008520172552668326
source_heterogeneity_les_rice_paddy_l100_cv0p5_s1_wind3_n1_op,0.028893927294164224,0.0401730612054224,0.012884164439000506
source_heterogeneity_les_rice_paddy_l100_cv0p5_s2_wind3_n1_op,0.026076142608569722,-0.06126637596048233,0.016720629634071733
source_heterogeneity_les_rice_paddy_l100_cv0p5_s3_wind3_n1_op,0.026184836175001135,-0.0573534388724482,0.0055707099621536
source_heterogeneity_les_rice_paddy_l100_cv0p5_s4_wind3_n1_op,0.02787788939079327,0.003595989300643247,0.024388192540009852
source_heterogeneity_les_rice_paddy_l100_cv0p5_s5_wind3_n1_op,0.025883748194758378,-0.06819251944854283,0.014134025649389634
source_heterogeneity_les_rice_paddy_l100_cv0p5_s6_wind3_n1_op,0.02528333868025993,-0.08980708905393009,0.04571832746397929
source_heterogeneity_les_rice_paddy_l100_cv0p5_s7_wind3_n1_op,0.027037356508021124,-0.02666295240762031,0.035751639450385106
source_heterogeneity_les_rice_paddy_l250_cv0p5_s0_wind3_n1_op,0.027983251659633362,0.007389000634795949,0.0005738403046296513
source_heterogeneity_les_rice_paddy_l250_cv0p5_s1_wind3_n1_op,0.029198178173806866,0.05112600524900518,0.015121261592955917
source_heterogeneity_les_rice_paddy_l250_cv0p5_s2_wind3_n1_op,0.02490750792877756,-0.10333688786890488,0.03190499894751658
source_heterogeneity_les_rice_paddy_l250_cv0p5_s3_wind3_n1_op,0.024993460756779676,-0.10024261081504518,0.003867553341300678
source_heterogeneity_les_rice_paddy_l250_cv0p5_s4_wind3_n1_op,0.027197668951430054,-0.02089175061451316,0.027535919418164058
source_heterogeneity_les_rice_paddy_l250_cv0p5_s5_wind3_n1_op,0.026042497279228295,-0.0624775981269964,0.0025272795601921985
source_heterogeneity_les_rice_paddy_l250_cv0p5_s6_wind3_n1_op,0.025584617110599797,-0.07896115232918868,0.04403973873497368
source_heterogeneity_les_rice_paddy_l250_cv0p5_s7_wind3_n1_op,0.027129404914675376,-0.023349236277796247,0.048574635946654246
source_heterogeneity_les_rice_paddy_l500_cv0p5_s0_wind3_n1_op,0.02733824545152421,-0.015831037096831653,-0.012805429383836948
source_heterogeneity_les_rice_paddy_l500_cv0p5_s1_wind3_n1_op,0.03177964245070601,0.14405797576161028,-0.01238705957974559
source_heterogeneity_les_rice_paddy_l500_cv0p5_s2_wind3_n1_op,0.03082206825390612,0.10958558045597663,0.012694590379715265
source_heterogeneity_les_rice_paddy_l500_cv0p5_s3_wind3_n1_op,0.026914510975760794,-0.031085356189761913,0.04237694770295091
source_heterogeneity_les_rice_paddy_l500_cv0p5_s4_wind3_n1_op,0.024847076336651203,-0.10551240778129448,0.012627407071224173
source_heterogeneity_les_rice_paddy_l500_cv0p5_s5_wind3_n1_op,0.025137167197455776,-0.09506922033782939,0.03793302003906968
source_heterogeneity_les_rice_paddy_l500_cv0p5_s6_wind3_n1_op,0.029235781391960886,0.0524797102729097,-0.014747939954717598
source_heterogeneity_les_rice_paddy_l500_cv0p5_s7_wind3_n1_op,0.034435740223920645,0.23967673064729803,-0.0025800567249774364
source_heterogeneity_les_rice_paddy_l100_cv1p0_s0_wind3_n1_op,0.026886064552996507,-0.03210941921677202,0.0018967533738456187
source_heterogeneity_les_rice_paddy_l100_cv1p0_s1_wind3_n1_op,0.02936956092442987,0.05729573491359595,0.013793022634978253
source_heterogeneity_les_rice_paddy_l100_cv1p0_s2_wind3_n1_op,0.024638484749080886,-0.11302164485992923,0.016631176157551136
source_heterogeneity_les_rice_paddy_l100_cv1p0_s3_wind3_n1_op,0.025169418352160956,-0.09390818805670116,-0.0017661968466988337
source_heterogeneity_les_rice_paddy_l100_cv1p0_s4_wind3_n1_op,0.028393222171250957,0.022147820982466572,0.03201422326235163
source_heterogeneity_les_rice_paddy_l100_cv1p0_s5_wind3_n1_op,0.023197151848463327,-0.1649092141816068,0.01627257290839071
source_heterogeneity_les_rice_paddy_l100_cv1p0_s6_wind3_n1_op,0.023679978057268212,-0.14752760971746665,0.06328358839134594
source_heterogeneity_les_rice_paddy_l100_cv1p0_s7_wind3_n1_op,0.02664135153366708,-0.04091901743584566,0.04896729642132216
source_heterogeneity_les_rice_paddy_l250_cv1p0_s0_wind3_n1_op,0.02708143148430239,-0.02507626595498636,-0.00651437132928144
source_heterogeneity_les_rice_paddy_l250_cv1p0_s1_wind3_n1_op,0.030059060204460503,0.08211751042049471,0.014675168528034882
source_heterogeneity_les_rice_paddy_l250_cv1p0_s2_wind3_n1_op,0.023080605557151503,-0.1691048471037691,0.039543860152799315
source_heterogeneity_les_rice_paddy_l250_cv1p0_s3_wind3_n1_op,0.023088331902399502,-0.16882670090001073,-0.005687217747875367
source_heterogeneity_les_rice_paddy_l250_cv1p0_s4_wind3_n1_op,0.026817703485239302,-0.03457039796820141,0.03856132235689271
source_heterogeneity_les_rice_paddy_l250_cv1p0_s5_wind3_n1_op,0.023040321408601246,-0.17055506484983637,-0.004147248912050316
source_heterogeneity_les_rice_paddy_l250_cv1p0_s6_wind3_n1_op,0.024068547465010713,-0.1335392229458308,0.06090972657298989
source_heterogeneity_les_rice_paddy_l250_cv1p0_s7_wind3_n1_op,0.026488928502053876,-0.04640620267643907,0.07316658293580397
source_heterogeneity_les_rice_paddy_l500_cv1p0_s0_wind3_n1_op,0.0262878517865321,-0.05364490652559219,-0.04068788631399821
source_heterogeneity_les_rice_paddy_l500_cv1p0_s1_wind3_n1_op,0.034906232280646966,0.2566143091888172,-0.03616346393134992
source_heterogeneity_les_rice_paddy_l500_cv1p0_s2_wind3_n1_op,0.0330279396780888,0.18899631644066522,0.011678467336154269
source_heterogeneity_les_rice_paddy_l500_cv1p0_s3_wind3_n1_op,0.026084116087373155,-0.06097933301990229,0.0640352479558006
source_heterogeneity_les_rice_paddy_l500_cv1p0_s4_wind3_n1_op,0.022484597257034236,-0.19056097425897345,0.004291210877324647
source_heterogeneity_les_rice_paddy_l500_cv1p0_s5_wind3_n1_op,0.02316102502785904,-0.16620976931892004,0.05145034882836494
source_heterogeneity_les_rice_paddy_l500_cv1p0_s6_wind3_n1_op,0.02961538986859634,0.06614550610541936,-0.03229604013937806
source_heterogeneity_les_rice_paddy_l500_cv1p0_s7_wind3_n1_op,0.04015627489019866,0.44561433113250254,-0.02627616040666303
source_heterogeneity_les_rice_paddy_l100_cv2p0_s0_wind3_n1_op,0.025125156789130104,-0.09550159157858364,-0.0022396798783438643
source_heterogeneity_les_rice_paddy_l100_cv2p0_s1_wind3_n1_op,0.029556059986323956,0.06400964743048293,0.021313015218500167
source_heterogeneity_les_rice_paddy_l100_cv2p0_s2_wind3_n1_op,0.022929775245507173,-0.17453469488418272,0.01661028223280342
source_heterogeneity_les_rice_paddy_l100_cv2p0_s3_wind3_n1_op,0.023837440246166353,-0.1418590162658812,-0.0044022816591964
source_heterogeneity_les_rice_paddy_l100_cv2p0_s4_wind3_n1_op,0.029583449247551505,0.06499565294663058,0.04616243059692722
source_heterogeneity_les_rice_paddy_l100_cv2p0_s5_wind3_n1_op,0.016870608398704374,-0.3926629563429918,0.04495064002187532
source_heterogeneity_les_rice_paddy_l100_cv2p0_s6_wind3_n1_op,0.022144767937327642,-0.20279473189834973,0.08593154913091944
source_heterogeneity_les_rice_paddy_l100_cv2p0_s7_wind3_n1_op,0.026607917921440682,-0.04212261784719268,0.06057069326584008
source_heterogeneity_les_rice_paddy_l250_cv2p0_s0_wind3_n1_op,0.024733835923780288,-0.10958903003166942,-0.001555362746581579
source_heterogeneity_les_rice_paddy_l250_cv2p0_s1_wind3_n1_op,0.030909512440618205,0.11273354599388741,0.01809695678431028
source_heterogeneity_les_rice_paddy_l250_cv2p0_s2_wind3_n1_op,0.021561763967678654,-0.22378270690191326,0.04181207238301188
source_heterogeneity_les_rice_paddy_l250_cv2p0_s3_wind3_n1_op,0.020975638938208443,-0.24488303916018278,-0.012698172691080312
source_heterogeneity_les_rice_paddy_l250_cv2p0_s4_wind3_n1_op,0.026571682876115353,-0.043427069043294964,0.055723007553587264
source_heterogeneity_les_rice_paddy_l250_cv2p0_s5_wind3_n1_op,0.017164717759057785,-0.3820751040730872,0.010737336882946091
source_heterogeneity_les_rice_paddy_l250_cv2p0_s6_wind3_n1_op,0.02259416452744104,-0.18661658407944998,0.08025120013551927
source_heterogeneity_les_rice_paddy_l250_cv2p0_s7_wind3_n1_op,0.02580568994428279,-0.07100259398506768,0.10001046744085058
source_heterogeneity_les_rice_paddy_l500_cv2p0_s0_wind3_n1_op,0.024498194798440814,-0.11807204267978927,-0.07387885304502892
source_heterogeneity_les_rice_paddy_l500_cv2p0_s1_wind3_n1_op,0.03857518022192647,0.3886953784263255,-0.06305312857032264
source_heterogeneity_les_rice_paddy_l500_cv2p0_s2_wind3_n1_op,0.03551761954779693,0.27862407472809175,0.014027487214360534
source_heterogeneity_les_rice_paddy_l500_cv2p0_s3_wind3_n1_op,0.02490885373055023,-0.10328843939267661,0.09499157626946521
source_heterogeneity_les_rice_paddy_l500_cv2p0_s4_wind3_n1_op,0.019778714476687765,-0.28797197506343997,-0.008293473516512606
source_heterogeneity_les_rice_paddy_l500_cv2p0_s5_wind3_n1_op,0.0209601881395125,-0.2454392634634423,0.0648483145372695
source_heterogeneity_les_rice_paddy_l500_cv2p0_s6_wind3_n1_op,0.02952344172143593,0.06283539928849913,-0.04660185854589953
source_heterogeneity_les_rice_paddy_l500_cv2p0_s7_wind3_n1_op,0.04763248139951394,0.7147556123376031,-0.06421438148952452
source_heterogeneity_les_rice_paddy_l100_cv0p5_s0_wind3_n2_op,0.027935097091971037,0.005655450067356787,0.004604224178356713
source_heterogeneity_les_rice_paddy_l100_cv0p5_s1_wind3_n2_op,0.028682942018832053,0.03257765205673745,0.02814209585898305
source_heterogeneity_les_rice_paddy_l100_cv0p5_s2_wind3_n2_op,0.025444458209877757,-0.08400683238974165,0.04822714088336175
source_heterogeneity_les_rice_paddy_l100_cv0p5_s3_wind3_n2_op,0.02645443229211928,-0.047648056299255545,0.0009241259332628468
source_heterogeneity_les_rice_paddy_l100_cv0p5_s4_wind3_n2_op,0.02768153686861171,-0.003472644948818872,0.035580038568404276
source_heterogeneity_les_rice_paddy_l100_cv0p5_s5_wind3_n2_op,0.026140829182928035,-0.058937677913167466,0.01723015853539637
source_heterogeneity_les_rice_paddy_l100_cv0p5_s6_wind3_n2_op,0.02544225479053958,-0.08408615485133636,0.042479660169443656
source_heterogeneity_les_rice_paddy_l100_cv0p5_s7_wind3_n2_op,0.026526109964649904,-0.04506768073115762,0.06459960399927872
source_heterogeneity_les_rice_paddy_l250_cv0p5_s0_wind3_n2_op,0.02838097607289819,0.02170696496861506,-0.008885280325245859
source_heterogeneity_les_rice_paddy_l250_cv0p5_s1_wind3_n2_op,0.028920876356176947,0.04114321967661266,0.03066141294636844
source_heterogeneity_les_rice_paddy_l250_cv0p5_s2_wind3_n2_op,0.02433975696793813,-0.12377575894815578,0.06258653241824358
source_heterogeneity_les_rice_paddy_l250_cv0p5_s3_wind3_n2_op,0.025351719299989355,-0.08734540643713176,-0.003611650500870839
source_heterogeneity_les_rice_paddy_l250_cv0p5_s4_wind3_n2_op,0.02705373435927643,-0.026073354479212673,0.036899477751392774
source_heterogeneity_les_rice_paddy_l250_cv0p5_s5_wind3_n2_op,0.02641114134369319,-0.049206517974901345,0.003494915961851648
source_heterogeneity_les_rice_paddy_l250_cv0p5_s6_wind3_n2_op,0.025643241571740524,-0.07685068861183228,0.04196823552524618
source_heterogeneity_les_rice_paddy_l250_cv0p5_s7_wind3_n2_op,0.026726970816939637,-0.03783674789618993,0.07186894868815044
source_heterogeneity_les_rice_paddy_l500_cv0p5_s0_wind3_n2_op,0.027728580233844002,-0.001779097348837145,-0.013483100979975755
source_heterogeneity_les_rice_paddy_l500_cv0p5_s1_wind3_n2_op,0.031732831142831,0.1423727821596587,-0.0012590678337064953
source_heterogeneity_les_rice_paddy_l500_cv0p5_s2_wind3_n2_op,0.031030260516214356,0.11708044194018129,0.015135651725540614
source_heterogeneity_les_rice_paddy_l500_cv0p5_s3_wind3_n2_op,0.027196426237995307,-0.020936487940265456,0.027125162022917655
source_heterogeneity_les_rice_paddy_l500_cv0p5_s4_wind3_n2_op,0.024868006688219545,-0.10475892115272717,0.023735646234266466
source_heterogeneity_les_rice_paddy_l500_cv0p5_s5_wind3_n2_op,0.025228161269934435,-0.09179345993468088,0.05600110818987318
source_heterogeneity_les_rice_paddy_l500_cv0p5_s6_wind3_n2_op,0.02962982311911459,0.06666509896733346,-0.006476555762419858
source_heterogeneity_les_rice_paddy_l500_cv0p5_s7_wind3_n2_op,0.03465564714109892,0.2475933163330305,-0.004005463313255797
source_heterogeneity_les_rice_paddy_l100_cv1p0_s0_wind3_n2_op,0.02728473128363076,-0.0177575317290388,-0.007282369596320098
source_heterogeneity_les_rice_paddy_l100_cv1p0_s1_wind3_n2_op,0.02914477886124944,0.04920364537581679,0.028474938260609713
source_heterogeneity_les_rice_paddy_l100_cv1p0_s2_wind3_n2_op,0.023533024976306976,-0.1528178783099224,0.06518165966756521
source_heterogeneity_les_rice_paddy_l100_cv1p0_s3_wind3_n2_op,0.025608312030796988,-0.07810814202617225,-0.012815626746448955
source_heterogeneity_les_rice_paddy_l100_cv1p0_s4_wind3_n2_op,0.02785031714652876,0.0026033964478637834,0.05417822328359632
source_heterogeneity_les_rice_paddy_l100_cv1p0_s5_wind3_n2_op,0.02355114170877985,-0.1521656811584762,0.016175297772789088
source_heterogeneity_les_rice_paddy_l100_cv1p0_s6_wind3_n2_op,0.023890115926428958,-0.13996270694690197,0.05576844466374077
source_heterogeneity_les_rice_paddy_l100_cv1p0_s7_wind3_n2_op,0.02587616337944261,-0.06846557061550114,0.08977355891483443
source_heterogeneity_les_rice_paddy_l250_cv1p0_s0_wind3_n2_op,0.02763031101784564,-0.005316760823470419,-0.02372335541946488
source_heterogeneity_les_rice_paddy_l250_cv1p0_s1_wind3_n2_op,0.029678117063535497,0.06840366705794139,0.030778085066453617
source_heterogeneity_les_rice_paddy_l250_cv1p0_s2_wind3_n2_op,0.022109183152663137,-0.2040757738979359,0.08604354585185231
source_heterogeneity_les_rice_paddy_l250_cv1p0_s3_wind3_n2_op,0.023706384196857604,-0.1465769962971559,-0.022793791488375903
source_heterogeneity_les_rice_paddy_l250_cv1p0_s4_wind3_n2_op,0.026508438977512205,-0.0457038311789112,0.052731000099713196
source_heterogeneity_les_rice_paddy_l250_cv1p0_s5_wind3_n2_op,0.023632795370190255,-0.14922617286376794,-0.010953297060765477
source_heterogeneity_les_rice_paddy_l250_cv1p0_s6_wind3_n2_op,0.024129117245912688,-0.13135872827731704,0.05456587042312183
source_heterogeneity_les_rice_paddy_l250_cv1p0_s7_wind3_n2_op,0.02595586540186714,-0.06559632076221694,0.10283850029381414
source_heterogeneity_les_rice_paddy_l500_cv1p0_s0_wind3_n2_op,0.0269008923614794,-0.03157562238176253,-0.04560075213120337
source_heterogeneity_les_rice_paddy_l500_cv1p0_s1_wind3_n2_op,0.034815705244928816,0.25335536197454156,-0.02078297567949436
source_heterogeneity_les_rice_paddy_l500_cv1p0_s2_wind3_n2_op,0.03340642555278975,0.20262169892683948,0.011431129921123523
source_heterogeneity_les_rice_paddy_l500_cv1p0_s3_wind3_n2_op,0.02681257635946295,-0.03475497301954966,0.02371320089419126
source_heterogeneity_les_rice_paddy_l500_cv1p0_s4_wind3_n2_op,0.02259382251501397,-0.18662889642832572,0.014804315735371526
source_heterogeneity_les_rice_paddy_l500_cv1p0_s5_wind3_n2_op,0.023197659725094938,-0.1648909307691361,0.0789821222076872
source_heterogeneity_les_rice_paddy_l500_cv1p0_s6_wind3_n2_op,0.030236164068915987,0.08849319853538722,-0.024478013716425412
source_heterogeneity_les_rice_paddy_l500_cv1p0_s7_wind3_n2_op,0.04063593646522445,0.4628820096920025,-0.03915736686123411
source_heterogeneity_les_rice_paddy_l100_cv2p0_s0_wind3_n2_op,0.02564532719769196,-0.07677560667823607,-0.016871481098208824
source_heterogeneity_les_rice_paddy_l100_cv2p0_s1_wind3_n2_op,0.0294649169477871,0.06072852429214122,0.029078617644830274
source_heterogeneity_les_rice_paddy_l100_cv2p0_s2_wind3_n2_op,0.021304125017374713,-0.23305763491343104,0.08337049121673093
source_heterogeneity_les_rice_paddy_l100_cv2p0_s3_wind3_n2_op,0.024363635390067407,-0.12291614262843234,-0.017164275527354667
source_heterogeneity_les_rice_paddy_l100_cv2p0_s4_wind3_n2_op,0.028361881882355496,0.021019579608160976,0.09388144916678823
source_heterogeneity_les_rice_paddy_l100_cv2p0_s5_wind3_n2_op,0.017369519296040626,-0.3747023077240757,0.03357767909273579
source_heterogeneity_les_rice_paddy_l100_cv2p0_s6_wind3_n2_op,0.02242153307591167,-0.19283126661704697,0.07405465639921748
source_heterogeneity_les_rice_paddy_l100_cv2p0_s7_wind3_n2_op,0.025672225501930025,-0.07580727547231533,0.11307634617648224
source_heterogeneity_les_rice_paddy_l250_cv2p0_s0_wind3_n2_op,0.025350123616180095,-0.08740285059471184,-0.02416855498944996
source_heterogeneity_les_rice_paddy_l250_cv2p0_s1_wind3_n2_op,0.030528080393485795,0.09900210214867142,0.028904960821180492
source_heterogeneity_les_rice_paddy_l250_cv2p0_s2_wind3_n2_op,0.020155768379576427,-0.27439814315010347,0.10460563481736657
source_heterogeneity_les_rice_paddy_l250_cv2p0_s3_wind3_n2_op,0.02185396985261987,-0.21326337919865107,-0.03838270794851145
source_heterogeneity_les_rice_paddy_l250_cv2p0_s4_wind3_n2_op,0.025952363373703588,-0.06572239276752871,0.08192960214055921
source_heterogeneity_les_rice_paddy_l250_cv2p0_s5_wind3_n2_op,0.017993723977751102,-0.3522311189520087,-0.010959484857258894
source_heterogeneity_les_rice_paddy_l250_cv2p0_s6_wind3_n2_op,0.022650728957108165,-0.18458028090185885,0.07040186885989805
source_heterogeneity_les_rice_paddy_l250_cv2p0_s7_wind3_n2_op,0.025283369432540184,-0.08980598198069754,0.13314807217536104
source_heterogeneity_les_rice_paddy_l500_cv2p0_s0_wind3_n2_op,0.02526538443427922,-0.09045343673845424,-0.08092817873299635
source_heterogeneity_les_rice_paddy_l500_cv2p0_s1_wind3_n2_op,0.03844113912317911,0.3838699374749482,-0.0412468623728785
source_heterogeneity_les_rice_paddy_l500_cv2p0_s2_wind3_n2_op,0.036050828249187684,0.2978194344152813,0.014350823941080115
source_heterogeneity_les_rice_paddy_l500_cv2p0_s3_wind3_n2_op,0.026414892306747866,-0.04907148438520178,0.01747337252730788
source_heterogeneity_les_rice_paddy_l500_cv2p0_s4_wind3_n2_op,0.020065599162459178,-0.2776442089977976,-0.0012207811253604484
source_heterogeneity_les_rice_paddy_l500_cv2p0_s5_wind3_n2_op,0.020812307170732503,-0.2507629357501439,0.10532625395620782
source_heterogeneity_les_rice_paddy_l500_cv2p0_s6_wind3_n2_op,0.030339604338046996,0.09221701843354435,-0.03944005286138875
source_heterogeneity_les_rice_paddy_l500_cv2p0_s7_wind3_n2_op,0.04853039085493214,0.7470800941368039,-0.0963983377305282
source_heterogeneity_les_rice_paddy_l100_cv0p5_s0_wind3_n3_op,0.027728447423402695,-0.0017838784864751221,0.024174361596769722
source_heterogeneity_les_rice_paddy_l100_cv0p5_s1_wind3_n3_op,0.028751353263296232,0.0350404371551671,0.0323200268783029
source_heterogeneity_les_rice_paddy_l100_cv0p5_s2_wind3_n3_op,0.02566567479251315,-0.07604309912473368,0.045472938369255686
source_heterogeneity_les_rice_paddy_l100_cv0p5_s3_wind3_n3_op,0.026572448520402935,-0.04339950606944582,0.008735794094202123
source_heterogeneity_les_rice_paddy_l100_cv0p5_s4_wind3_n3_op,0.027543415035361826,-0.008444991167044941,0.04395025573941694
source_heterogeneity_les_rice_paddy_l100_cv0p5_s5_wind3_n3_op,0.026247314783389795,-0.055104226964151695,0.021876097611119992
source_heterogeneity_les_rice_paddy_l100_cv0p5_s6_wind3_n3_op,0.02616272842327047,-0.05814931156777054,0.03949838946815824
source_heterogeneity_les_rice_paddy_l100_cv0p5_s7_wind3_n3_op,0.02692985469060317,-0.030532986874390853,0.06510507205785845
source_heterogeneity_les_rice_paddy_l250_cv0p5_s0_wind3_n3_op,0.028163555732665303,0.013879895336788201,0.011511557943215098
source_heterogeneity_les_rice_paddy_l250_cv0p5_s1_wind3_n3_op,0.02903725829300022,0.045332935884520864,0.03352710001298334
source_heterogeneity_les_rice_paddy_l250_cv0p5_s2_wind3_n3_op,0.02463428546975052,-0.1131728177064397,0.058609900146941896
source_heterogeneity_les_rice_paddy_l250_cv0p5_s3_wind3_n3_op,0.025571537744995754,-0.07943200572410707,0.0038968394883313606
source_heterogeneity_les_rice_paddy_l250_cv0p5_s4_wind3_n3_op,0.02692602734854252,-0.03067077008630863,0.04526229222103413
source_heterogeneity_les_rice_paddy_l250_cv0p5_s5_wind3_n3_op,0.02648830359196083,-0.0464286992598161,0.0103193864226915
source_heterogeneity_les_rice_paddy_l250_cv0p5_s6_wind3_n3_op,0.026458309587669863,-0.047508474776086725,0.03703014636044283
source_heterogeneity_les_rice_paddy_l250_cv0p5_s7_wind3_n3_op,0.027169121452513944,-0.02191945235387921,0.0725524596791848
source_heterogeneity_les_rice_paddy_l500_cv0p5_s0_wind3_n3_op,0.0273821185118433,-0.014251619560684707,0.003029067333953908
source_heterogeneity_les_rice_paddy_l500_cv0p5_s1_wind3_n3_op,0.031348924249507255,0.12855224456430464,0.010066690859494049
source_heterogeneity_les_rice_paddy_l500_cv0p5_s2_wind3_n3_op,0.030670603905179228,0.10413290752319199,0.028903771889569024
source_heterogeneity_les_rice_paddy_l500_cv0p5_s3_wind3_n3_op,0.027523653918339195,-0.009156385688703493,0.02858128394167909
source_heterogeneity_les_rice_paddy_l500_cv0p5_s4_wind3_n3_op,0.02513326133764953,-0.0952098301659756,0.026404796093022306
source_heterogeneity_les_rice_paddy_l500_cv0p5_s5_wind3_n3_op,0.024784039396094512,-0.10778171948684169,0.0721777144724059
source_heterogeneity_les_rice_paddy_l500_cv0p5_s6_wind3_n3_op,0.028974338578730423,0.04306784429154089,0.01472091382846051
source_heterogeneity_les_rice_paddy_l500_cv0p5_s7_wind3_n3_op,0.03412768736261919,0.2285869163589599,0.013218627429686602
source_heterogeneity_les_rice_paddy_l100_cv1p0_s0_wind3_n3_op,0.026933820164331004,-0.030390230962236166,0.020532918054924666
source_heterogeneity_les_rice_paddy_l100_cv1p0_s1_wind3_n3_op,0.029333882156310144,0.05601130953668887,0.02901520582741743
source_heterogeneity_les_rice_paddy_l100_cv1p0_s2_wind3_n3_op,0.02411271212234032,-0.1319493080012845,0.048639159316450783
source_heterogeneity_les_rice_paddy_l100_cv1p0_s3_wind3_n3_op,0.025734409245098577,-0.07356867862702225,-0.004108511281654251
source_heterogeneity_les_rice_paddy_l100_cv1p0_s4_wind3_n3_op,0.02765201938164384,-0.0045352659786939,0.0593020801553584
source_heterogeneity_les_rice_paddy_l100_cv1p0_s5_wind3_n3_op,0.02373860889582163,-0.14541691641509003,0.02067060444618983
source_heterogeneity_les_rice_paddy_l100_cv1p0_s6_wind3_n3_op,0.024968487622846446,-0.10114163644443643,0.04841636482283883
source_heterogeneity_les_rice_paddy_l100_cv1p0_s7_wind3_n3_op,0.02659747880476682,-0.042498423041010175,0.08464508730763448
source_heterogeneity_les_rice_paddy_l250_cv1p0_s0_wind3_n3_op,0.02727068733036622,-0.018263110001936127,0.005520531668619728
source_heterogeneity_les_rice_paddy_l250_cv1p0_s1_wind3_n3_op,0.029987864960865473,0.07955450215513978,0.02822384107003012
source_heterogeneity_les_rice_paddy_l250_cv1p0_s2_wind3_n3_op,0.02274137638777989,-0.181316999503928,0.06860568444917599
source_heterogeneity_les_rice_paddy_l250_cv1p0_s3_wind3_n3_op,0.02401663135179329,-0.13540818806993704,-0.014456801142781361
source_heterogeneity_les_rice_paddy_l250_cv1p0_s4_wind3_n3_op,0.026314756281866986,-0.05267635244196898,0.05973442539060748
source_heterogeneity_les_rice_paddy_l250_cv1p0_s5_wind3_n3_op,0.023899958760688667,-0.13960836774826602,-0.00477493110840449
source_heterogeneity_les_rice_paddy_l250_cv1p0_s6_wind3_n3_op,0.025382452661076946,-0.08623901428911564,0.043629635172428835
source_heterogeneity_les_rice_paddy_l250_cv1p0_s7_wind3_n3_op,0.026690215703526542,-0.039159921393673344,0.09926374286290875
source_heterogeneity_les_rice_paddy_l500_cv1p0_s0_wind3_n3_op,0.02649888265527231,-0.04604785602734864,-0.027466493982207456
source_heterogeneity_les_rice_paddy_l500_cv1p0_s1_wind3_n3_op,0.03401719804683442,0.2246093328113765,-0.004077041952509075
source_heterogeneity_les_rice_paddy_l500_cv1p0_s2_wind3_n3_op,0.03264732998817296,0.17529447721840888,0.03153747143436503
source_heterogeneity_les_rice_paddy_l500_cv1p0_s3_wind3_n3_op,0.027401347194464645,-0.013559392524132598,0.0208562748336797
source_heterogeneity_les_rice_paddy_l500_cv1p0_s4_wind3_n3_op,0.023027787091746084,-0.17100629664676784,0.014521050139176622
source_heterogeneity_les_rice_paddy_l500_cv1p0_s5_wind3_n3_op,0.022538289313549932,-0.18862807568759696,0.09930281850311666
source_heterogeneity_les_rice_paddy_l500_cv1p0_s6_wind3_n3_op,0.029291135825278557,0.054472453930396576,0.004775722740509324
source_heterogeneity_les_rice_paddy_l500_cv1p0_s7_wind3_n3_op,0.03961379475475516,0.4260852024895659,-0.0126983659225684
source_heterogeneity_les_rice_paddy_l100_cv2p0_s0_wind3_n3_op,0.02518502963491456,-0.09334618637358488,0.018534344613075182
source_heterogeneity_les_rice_paddy_l100_cv2p0_s1_wind3_n3_op,0.02986281276368412,0.07505265907135567,0.02468743180763394
source_heterogeneity_les_rice_paddy_l100_cv2p0_s2_wind3_n3_op,0.02251842953171298,-0.18934302211415588,0.04448668440608447
source_heterogeneity_les_rice_paddy_l100_cv2p0_s3_wind3_n3_op,0.024475970348808863,-0.11887211646594921,-0.00764733866727689
source_heterogeneity_les_rice_paddy_l100_cv2p0_s4_wind3_n3_op,0.028060335092904995,0.010163982032723534,0.09167014162503277
source_heterogeneity_les_rice_paddy_l100_cv2p0_s5_wind3_n3_op,0.017585595746279818,-0.3669236177449846,0.043022960184766534
source_heterogeneity_les_rice_paddy_l100_cv2p0_s6_wind3_n3_op,0.023722179549133252,-0.14600836816425763,0.06623014607438124
source_heterogeneity_les_rice_paddy_l100_cv2p0_s7_wind3_n3_op,0.02672222006044467,-0.038007773761801755,0.10217409742007895
source_heterogeneity_les_rice_paddy_l250_cv2p0_s0_wind3_n3_op,0.02488730734937804,-0.10406410290956726,0.013940630165368062
source_heterogeneity_les_rice_paddy_l250_cv2p0_s1_wind3_n3_op,0.031190559460761273,0.12285115777814357,0.018087752675268326
source_heterogeneity_les_rice_paddy_l250_cv2p0_s2_wind3_n3_op,0.021296403042505775,-0.23333562378480183,0.06750678221586673
source_heterogeneity_les_rice_paddy_l250_cv2p0_s3_wind3_n3_op,0.022247541816551447,-0.19909490184493317,-0.029070005494232637
source_heterogeneity_les_rice_paddy_l250_cv2p0_s4_wind3_n3_op,0.025683032264899708,-0.0754182351177296,0.08549968436930551
source_heterogeneity_les_rice_paddy_l250_cv2p0_s5_wind3_n3_op,0.01847333565294196,-0.33496523677219525,-0.0029742917548515324
source_heterogeneity_les_rice_paddy_l250_cv2p0_s6_wind3_n3_op,0.024233266361631884,-0.12760939010613134,0.05650188095282255
source_heterogeneity_les_rice_paddy_l250_cv2p0_s7_wind3_n3_op,0.02627784425958442,-0.05400517461356394,0.12625269456241894
source_heterogeneity_les_rice_paddy_l500_cv2p0_s0_wind3_n3_op,0.025042510658899696,-0.09847682846498325,-0.06647061607195524
source_heterogeneity_les_rice_paddy_l500_cv2p0_s1_wind3_n3_op,0.03705136347623651,0.3338384144371989,-0.01584152161908442
source_heterogeneity_les_rice_paddy_l500_cv2p0_s2_wind3_n3_op,0.034693746100477166,0.24896486789823474,0.04341814177905323
source_heterogeneity_les_rice_paddy_l500_cv2p0_s3_wind3_n3_op,0.02728303819556264,-0.017818482411885633,0.010844056973263433
source_heterogeneity_les_rice_paddy_l500_cv2p0_s4_wind3_n3_op,0.02063992006988811,-0.25696882173345426,-0.0036058395841139235
source_heterogeneity_les_rice_paddy_l500_cv2p0_s5_wind3_n3_op,0.01998565352492805,-0.28052222892475875,0.12919285985912976
source_heterogeneity_les_rice_paddy_l500_cv2p0_s6_wind3_n3_op,0.029224242798638497,0.052064324236391964,-0.003324137651933262
source_heterogeneity_les_rice_paddy_l500_cv2p0_s7_wind3_n3_op,0.0468330524676572,0.6859764010244509,-0.056536870724981814
source_heterogeneity_les_rice_paddy_l100_cv0p5_s0_wind3_n4_op,0.02829143213372019,0.018483408946655226,0.022871410839938072
source_heterogeneity_les_rice_paddy_l100_cv0p5_s1_wind3_n4_op,0.028710802966997392,0.03358063816680077,0.05391996553698273
source_heterogeneity_les_rice_paddy_l100_cv0p5_s2_wind3_n4_op,0.02514762847169777,-0.0946926174779405,0.0850261536351408
source_heterogeneity_les_rice_paddy_l100_cv0p5_s3_wind3_n4_op,0.02649262022952874,-0.04627330155055293,0.026617987666088434
source_heterogeneity_les_rice_paddy_l100_cv0p5_s4_wind3_n4_op,0.027174533379732177,-0.021724624532645388,0.07329610875119529
source_heterogeneity_les_rice_paddy_l100_cv0p5_s5_wind3_n4_op,0.02627521802487551,-0.05409971830673518,0.04591233428218218
source_heterogeneity_les_rice_paddy_l100_cv0p5_s6_wind3_n4_op,0.02590834735544542,-0.06730695674831087,0.05808232519105947
source_heterogeneity_les_rice_paddy_l100_cv0p5_s7_wind3_n4_op,0.026928829530105485,-0.0305698923570637,0.0845318456793521
source_heterogeneity_les_rice_paddy_l250_cv0p5_s0_wind3_n4_op,0.02869270170980176,0.03292899812087837,0.011227510087618131
source_heterogeneity_les_rice_paddy_l250_cv0p5_s1_wind3_n4_op,0.02887977617325471,0.03966362492817006,0.05712775131498933
source_heterogeneity_les_rice_paddy_l250_cv0p5_s2_wind3_n4_op,0.024184080654263387,-0.12938006140602684,0.09534736618779124
source_heterogeneity_les_rice_paddy_l250_cv0p5_s3_wind3_n4_op,0.025546694405809818,-0.08032635877997633,0.01972423740716423
source_heterogeneity_les_rice_paddy_l250_cv0p5_s4_wind3_n4_op,0.02660227472511326,-0.04232577128975235,0.07257472359316346
source_heterogeneity_les_rice_paddy_l250_cv0p5_s5_wind3_n4_op,0.02663668536878782,-0.04108699802765428,0.03219969869069348
source_heterogeneity_les_rice_paddy_l250_cv0p5_s6_wind3_n4_op,0.026162493477804583,-0.058157769536878755,0.05561843963586466
source_heterogeneity_les_rice_paddy_l250_cv0p5_s7_wind3_n4_op,0.027193749867152506,-0.021032836519817657,0.08996429364713676
source_heterogeneity_les_rice_paddy_l500_cv0p5_s0_wind3_n4_op,0.0277632370912409,-0.0005314604636439166,0.013922792122555617
source_heterogeneity_les_rice_paddy_l500_cv0p5_s1_wind3_n4_op,0.031503494443712254,0.1341167270398248,0.030132591851360913
source_heterogeneity_les_rice_paddy_l500_cv0p5_s2_wind3_n4_op,0.030852052196035193,0.11066499373731702,0.04583279724765647
source_heterogeneity_les_rice_paddy_l500_cv0p5_s3_wind3_n4_op,0.027048364530668032,-0.026266666762616762,0.05216250927854206
source_heterogeneity_les_rice_paddy_l500_cv0p5_s4_wind3_n4_op,0.025217808140012194,-0.09216616963020399,0.043612061266487194
source_heterogeneity_les_rice_paddy_l500_cv0p5_s5_wind3_n4_op,0.02512076666021254,-0.09565963495526893,0.08725787633281293
source_heterogeneity_les_rice_paddy_l500_cv0p5_s6_wind3_n4_op,0.029406770670149504,0.05863527504318178,0.03145237090410202
source_heterogeneity_les_rice_paddy_l500_cv0p5_s7_wind3_n4_op,0.03399844774712517,0.22393432742188665,0.03930716383249386
source_heterogeneity_les_rice_paddy_l100_cv1p0_s0_wind3_n4_op,0.027891839553608005,0.004098191144358995,0.005042227766525405
source_heterogeneity_les_rice_paddy_l100_cv1p0_s1_wind3_n4_op,0.029234821296268726,0.052445147104497276,0.05214968144687442
source_heterogeneity_les_rice_paddy_l100_cv1p0_s2_wind3_n4_op,0.023076036582351973,-0.16926932888069793,0.10703830255773703
source_heterogeneity_les_rice_paddy_l100_cv1p0_s3_wind3_n4_op,0.025658557180725163,-0.07629933109924537,0.012192699293703077
source_heterogeneity_les_rice_paddy_l100_cv1p0_s4_wind3_n4_op,0.02683243520496718,-0.03404006030069912,0.10449687557704102
source_heterogeneity_les_rice_paddy_l100_cv1p0_s5_wind3_n4_op,0.02382149192728163,-0.14243315115265212,0.04596900452377212
source_heterogeneity_les_rice_paddy_l100_cv1p0_s6_wind3_n4_op,0.024671459509032132,-0.11183456299833927,0.06357806729478788
source_heterogeneity_les_rice_paddy_l100_cv1p0_s7_wind3_n4_op,0.026617241896107927,-0.04178695744445508,0.10419775794493208
source_heterogeneity_les_rice_paddy_l250_cv1p0_s0_wind3_n4_op,0.028149412664746264,0.01337074896487375,-0.00776011374973595
source_heterogeneity_les_rice_paddy_l250_cv1p0_s1_wind3_n4_op,0.02966811540843823,0.0680436103548934,0.055198456176320604
source_heterogeneity_les_rice_paddy_l250_cv1p0_s2_wind3_n4_op,0.021802436313600886,-0.21511857176179403,0.12336790179343173
source_heterogeneity_les_rice_paddy_l250_cv1p0_s3_wind3_n4_op,0.024024460093117064,-0.13512635563694064,-0.0011364339541638513
source_heterogeneity_les_rice_paddy_l250_cv1p0_s4_wind3_n4_op,0.025684313234672216,-0.07537212057483565,0.09706673664032925
source_heterogeneity_les_rice_paddy_l250_cv1p0_s5_wind3_n4_op,0.024151174373410435,-0.13056467803980001,0.016588182072136512
source_heterogeneity_les_rice_paddy_l250_cv1p0_s6_wind3_n4_op,0.0250169174895753,-0.0993981751898877,0.058482195429912495
source_heterogeneity_les_rice_paddy_l250_cv1p0_s7_wind3_n4_op,0.02674470331414818,-0.037198383103600664,0.11544227293736486
source_heterogeneity_les_rice_paddy_l500_cv1p0_s0_wind3_n4_op,0.02708759495569437,-0.024854382759940608,-0.02098629390643199
source_heterogeneity_les_rice_paddy_l500_cv1p0_s1_wind3_n4_op,0.03440800928012654,0.23867842465715827,0.013903015756380033
source_heterogeneity_les_rice_paddy_l500_cv1p0_s2_wind3_n4_op,0.033048921921064296,0.18975167114494548,0.04538173792322761
source_heterogeneity_les_rice_paddy_l500_cv1p0_s3_wind3_n4_op,0.026643176251134357,-0.04085332813253809,0.04509947194750719
source_heterogeneity_les_rice_paddy_l500_cv1p0_s4_wind3_n4_op,0.023171132477573648,-0.16584590404011637,0.02987612090491426
source_heterogeneity_les_rice_paddy_l500_cv1p0_s5_wind3_n4_op,0.023039207096974122,-0.17059517974749364,0.11219740889138013
source_heterogeneity_les_rice_paddy_l500_cv1p0_s6_wind3_n4_op,0.03006960088182529,0.0824969717699362,0.015145901799137204
source_heterogeneity_les_rice_paddy_l500_cv1p0_s7_wind3_n4_op,0.03931587341338258,0.4153601200008128,0.020287351894694994
source_heterogeneity_les_rice_paddy_l100_cv2p0_s0_wind3_n4_op,0.026533377654856874,-0.044806045976784746,-0.011288863188909051
source_heterogeneity_les_rice_paddy_l100_cv2p0_s1_wind3_n4_op,0.029667916279662053,0.06803644177629967,0.04918247785454584
source_heterogeneity_les_rice_paddy_l100_cv2p0_s2_wind3_n4_op,0.020782568314947063,-0.2518335259936978,0.1269805601270863
source_heterogeneity_les_rice_paddy_l100_cv2p0_s3_wind3_n4_op,0.024447942181677118,-0.11988112241064448,0.006608563157386282
source_heterogeneity_les_rice_paddy_l100_cv2p0_s4_wind3_n4_op,0.026561231815685836,-0.04380330420887626,0.16570786659209727
source_heterogeneity_les_rice_paddy_l100_cv2p0_s5_wind3_n4_op,0.017715965048616958,-0.36223036040690626,0.06873596830961376
source_heterogeneity_les_rice_paddy_l100_cv2p0_s6_wind3_n4_op,0.023502561608059684,-0.15391455079344504,0.07456329613809665
source_heterogeneity_les_rice_paddy_l100_cv2p0_s7_wind3_n4_op,0.026828574100045372,-0.0341790589658949,0.1220309424527059
source_heterogeneity_les_rice_paddy_l250_cv2p0_s0_wind3_n4_op,0.026092072624899567,-0.06069289996041592,-0.012613205731143579
source_heterogeneity_les_rice_paddy_l250_cv2p0_s1_wind3_n4_op,0.030634995527306762,0.10285101617491402,0.04871378915630317
source_heterogeneity_les_rice_paddy_l250_cv2p0_s2_wind3_n4_op,0.019678444856915733,-0.29158165249781365,0.14651983059089135
source_heterogeneity_les_rice_paddy_l250_cv2p0_s3_wind3_n4_op,0.02231528029400194,-0.19665633616524084,-0.018036307164181253
source_heterogeneity_les_rice_paddy_l250_cv2p0_s4_wind3_n4_op,0.024637379301772695,-0.11306144064465785,0.13945013909839876
source_heterogeneity_les_rice_paddy_l250_cv2p0_s5_wind3_n4_op,0.018756551047833702,-0.3247695641214738,0.017726922681017387
source_heterogeneity_les_rice_paddy_l250_cv2p0_s6_wind3_n4_op,0.023912061852303903,-0.13917265993578004,0.06440029541016494
source_heterogeneity_les_rice_paddy_l250_cv2p0_s7_wind3_n4_op,0.02640013172451775,-0.049602861094472206,0.14160661342333042
source_heterogeneity_les_rice_paddy_l500_cv2p0_s0_wind3_n4_op,0.025756534371198778,-0.07277218045940034,-0.06277088735351255
source_heterogeneity_les_rice_paddy_l500_cv2p0_s1_wind3_n4_op,0.037837420035609234,0.36213622419213887,-0.00304695003736577
source_heterogeneity_les_rice_paddy_l500_cv2p0_s2_wind3_n4_op,0.03543617372301349,0.2756920484920977,0.05253135704494999
source_heterogeneity_les_rice_paddy_l500_cv2p0_s3_wind3_n4_op,0.026297818987207938,-0.053286090171792894,0.0327641765870296
source_heterogeneity_les_rice_paddy_l500_cv2p0_s4_wind3_n4_op,0.02085122835759307,-0.24936178423237568,0.009411842158558281
source_heterogeneity_les_rice_paddy_l500_cv2p0_s5_wind3_n4_op,0.020598041514958032,-0.25847643765000966,0.14043833819571266
source_heterogeneity_les_rice_paddy_l500_cv2p0_s6_wind3_n4_op,0.0303694521765038,0.09329153202188058,-0.0019305661504819827
source_heterogeneity_les_rice_paddy_l500_cv2p0_s7_wind3_n4_op,0.04622985628519871,0.6642615121750561,-0.013436133502004233
source_heterogeneity_les_rice_paddy_l100_cv0p5_s0_wind3_n1_point,0.024431605545861972,-0.12046923659507626,0.12075975879333387
source_heterogeneity_les_rice_paddy_l100_cv0p5_s1_wind3_n1_point,0.02891003981712625,0.04075310739168586,0.09037008000630145
source_heterogeneity_les_rice_paddy_l100_cv0p5_s2_wind3_n1_point,0.023922614442306932,-0.13879276973479257,0.18573394801647128
source_heterogeneity_les_rice_paddy_l100_cv0p5_s3_wind3_n1_point,0.02375573812870332,-0.14480026896452874,0.11945564029701544
source_heterogeneity_les_rice_paddy_l100_cv0p5_s4_wind3_n1_point,0.0265013497075555,-0.045959042855659146,0.19388319135606363
source_heterogeneity_les_rice_paddy_l100_cv0p5_s5_wind3_n1_point,0.02478889146499479,-0.10760704640381637,0.054192415816723766
source_heterogeneity_les_rice_paddy_l100_cv0p5_s6_wind3_n1_point,0.01951803273249934,-0.29735644277848156,0.20292620352571866
source_heterogeneity_les_rice_paddy_l100_cv0p5_s7_wind3_n1_point,0.02344689880081944,-0.1559183958233336,0.13639660519117902
source_heterogeneity_les_rice_paddy_l250_cv0p5_s0_wind3_n1_point,0.025279206942278292,-0.08995583043133805,0.09611434730653115
source_heterogeneity_les_rice_paddy_l250_cv0p5_s1_wind3_n1_point,0.029351282345276522,0.056637711328264145,0.10053519204814976
source_heterogeneity_les_rice_paddy_l250_cv0p5_s2_wind3_n1_point,0.023273368819133177,-0.16216542518780414,0.15602716960227073
source_heterogeneity_les_rice_paddy_l250_cv0p5_s3_wind3_n1_point,0.02139516157383927,-0.22978034509902548,0.12251180193018478
source_heterogeneity_les_rice_paddy_l250_cv0p5_s4_wind3_n1_point,0.026856173335646678,-0.03318549443276416,0.15808782852515407
source_heterogeneity_les_rice_paddy_l250_cv0p5_s5_wind3_n1_point,0.02433716055587951,-0.12386922903450541,0.03558747079742311
source_heterogeneity_les_rice_paddy_l250_cv0p5_s6_wind3_n1_point,0.01948154745138943,-0.29866990239076135,0.21978046963601955
source_heterogeneity_les_rice_paddy_l250_cv0p5_s7_wind3_n1_point,0.02393384075551455,-0.13838862569247062,0.13412175403531754
source_heterogeneity_les_rice_paddy_l500_cv0p5_s0_wind3_n1_point,0.027239110480911082,-0.019399867488261155,0.014573080343392154
source_heterogeneity_les_rice_paddy_l500_cv0p5_s1_wind3_n1_point,0.034625782085300885,0.24651818292536842,0.013214167990126258
source_heterogeneity_les_rice_paddy_l500_cv0p5_s2_wind3_n1_point,0.03223384812695972,0.16040924929655562,0.03633010460762448
source_heterogeneity_les_rice_paddy_l500_cv0p5_s3_wind3_n1_point,0.02435468702149192,-0.12323828132004036,0.22721949194182778
source_heterogeneity_les_rice_paddy_l500_cv0p5_s4_wind3_n1_point,0.022463129852072973,-0.19133379465501574,0.08692646440053184
source_heterogeneity_les_rice_paddy_l500_cv0p5_s5_wind3_n1_point,0.02783173608007256,0.0019344834067448473,-0.05548216545240535
source_heterogeneity_les_rice_paddy_l500_cv0p5_s6_wind3_n1_point,0.02880058339731254,0.036812707801589066,0.01872220024474623
source_heterogeneity_les_rice_paddy_l500_cv0p5_s7_wind3_n1_point,0.03634142867472653,0.3082809660424266,0.06686510681695601
source_heterogeneity_les_rice_paddy_l100_cv1p0_s0_wind3_n1_point,0.02071091547402059,-0.25441300763119773,0.17768919629929503
source_heterogeneity_les_rice_paddy_l100_cv1p0_s1_wind3_n1_point,0.02896041828707035,0.04256671780079011,0.118772734614847
source_heterogeneity_les_rice_paddy_l100_cv1p0_s2_wind3_n1_point,0.02000388006169568,-0.27986607885032466,0.3012541592715234
source_heterogeneity_les_rice_paddy_l100_cv1p0_s3_wind3_n1_point,0.021449233642917058,-0.22783376618485646,0.14826904502460814
source_heterogeneity_les_rice_paddy_l100_cv1p0_s4_wind3_n1_point,0.024639735381781058,-0.11297662244290241,0.35073110015109943
source_heterogeneity_les_rice_paddy_l100_cv1p0_s5_wind3_n1_point,0.021240229172071246,-0.23535786694249963,0.043075786458851434
source_heterogeneity_les_rice_paddy_l100_cv1p0_s6_wind3_n1_point,0.01543968859029834,-0.44417565734400105,0.24942239315994616
source_heterogeneity_les_rice_paddy_l100_cv1p0_s7_wind3_n1_point,0.01956034778350409,-0.2958331131289477,0.20052464928593644
source_heterogeneity_les_rice_paddy_l250_cv1p0_s0_wind3_n1_point,0.022110468324340545,-0.2040295080876757,0.130372780327842
source_heterogeneity_les_rice_paddy_l250_cv1p0_s1_wind3_n1_point,0.029602654965346167,0.06568705325603592,0.1437815355063457
source_heterogeneity_les_rice_paddy_l250_cv1p0_s2_wind3_n1_point,0.019576015391848958,-0.2952690837407676,0.2482663289053634
source_heterogeneity_les_rice_paddy_l250_cv1p0_s3_wind3_n1_point,0.017179642370223226,-0.38153782236938494,0.15483645999248985
source_heterogeneity_les_rice_paddy_l250_cv1p0_s4_wind3_n1_point,0.025223602879805518,-0.09195756066651604,0.26058294433065166
source_heterogeneity_les_rice_paddy_l250_cv1p0_s5_wind3_n1_point,0.01938172726191686,-0.3022634004637893,0.02205676161632142
source_heterogeneity_les_rice_paddy_l250_cv1p0_s6_wind3_n1_point,0.015043702665780537,-0.458431036583608,0.283728260574488
source_heterogeneity_les_rice_paddy_l250_cv1p0_s7_wind3_n1_point,0.020429976212977485,-0.2645267401188896,0.19220740440331602
source_heterogeneity_les_rice_paddy_l500_cv1p0_s0_wind3_n1_point,0.024743040795527225,-0.10925765729976153,0.004884050059208736
source_heterogeneity_les_rice_paddy_l500_cv1p0_s1_wind3_n1_point,0.04092386792768278,0.4732474594169047,-0.06265112336054623
source_heterogeneity_les_rice_paddy_l500_cv1p0_s2_wind3_n1_point,0.03745124116969995,0.3482338962380283,-0.04484733723523748
source_heterogeneity_les_rice_paddy_l500_cv1p0_s3_wind3_n1_point,0.020916240650722978,-0.24702136040308958,0.3551256621758946
source_heterogeneity_les_rice_paddy_l500_cv1p0_s4_wind3_n1_point,0.018089462319246477,-0.348784566230597,0.1065807711385578
source_heterogeneity_les_rice_paddy_l500_cv1p0_s5_wind3_n1_point,0.027298141058058497,-0.01727478371162444,-0.12358635765613946
source_heterogeneity_les_rice_paddy_l500_cv1p0_s6_wind3_n1_point,0.027469855350795203,-0.011093118626423693,0.016349634166315293
source_heterogeneity_les_rice_paddy_l500_cv1p0_s7_wind3_n1_point,0.04278379537732872,0.5402043119493384,0.09753486216285379
source_heterogeneity_les_rice_paddy_l100_cv2p0_s0_wind3_n1_point,0.01578011297723532,-0.4319204774557089,0.23438655515023787
source_heterogeneity_les_rice_paddy_l100_cv2p0_s1_wind3_n1_point,0.028120945690551732,0.012345946092293583,0.16487562900035033
source_heterogeneity_les_rice_paddy_l100_cv2p0_s2_wind3_n1_point,0.01439493189231641,-0.4817865975838286,0.45796591956544397
source_heterogeneity_les_rice_paddy_l100_cv2p0_s3_wind3_n1_point,0.019275218734079117,-0.30609767679173744,0.16444261786883305
source_heterogeneity_les_rice_paddy_l100_cv2p0_s4_wind3_n1_point,0.021811389121839445,-0.21479627324359404,0.6097963474020001
source_heterogeneity_les_rice_paddy_l100_cv2p0_s5_wind3_n1_point,0.014495093276708795,-0.47818081659195066,0.030103627882861084
source_heterogeneity_les_rice_paddy_l100_cv2p0_s6_wind3_n1_point,0.012717333699115487,-0.5421796493946474,0.25843920323902736
source_heterogeneity_les_rice_paddy_l100_cv2p0_s7_wind3_n1_point,0.014509193591565403,-0.47767320931797097,0.28822345171641667
source_heterogeneity_les_rice_paddy_l250_cv2p0_s0_wind3_n1_point,0.017439657580172883,-0.3721773496949787,0.16614181511235457
source_heterogeneity_les_rice_paddy_l250_cv2p0_s1_wind3_n1_point,0.0288738980373972,0.03945201373018928,0.21534326016370162
source_heterogeneity_les_rice_paddy_l250_cv2p0_s2_wind3_n1_point,0.014953266657316026,-0.4616867068429683,0.3832084418890671
source_heterogeneity_les_rice_paddy_l250_cv2p0_s3_wind3_n1_point,0.012969102290320908,-0.5331160526200264,0.17648022915734707
source_heterogeneity_les_rice_paddy_l250_cv2p0_s4_wind3_n1_point,0.022674272464685768,-0.1837327214095411,0.41621104215102034
source_heterogeneity_les_rice_paddy_l250_cv2p0_s5_wind3_n1_point,0.011866236197541818,-0.5728189143371798,0.01954341078263999
source_heterogeneity_les_rice_paddy_l250_cv2p0_s6_wind3_n1_point,0.011651122843427175,-0.5805629331331567,0.3168414175748552
source_heterogeneity_les_rice_paddy_l250_cv2p0_s7_wind3_n1_point,0.01598866488807828,-0.42441266872783207,0.2638950178875309
source_heterogeneity_les_rice_paddy_l500_cv2p0_s0_wind3_n1_point,0.019988892158727824,-0.28040563904068605,0.02349816332100385
source_heterogeneity_les_rice_paddy_l500_cv2p0_s1_wind3_n1_point,0.04921918679269858,0.7718765495247526,-0.18645301789349034
source_heterogeneity_les_rice_paddy_l500_cv2p0_s2_wind3_n1_point,0.04620987555304317,0.6635422115718616,-0.22346108943874465
source_heterogeneity_les_rice_paddy_l500_cv2p0_s3_wind3_n1_point,0.016634446265549045,-0.4011647251224334,0.4935741699570347
source_heterogeneity_les_rice_paddy_l500_cv2p0_s4_wind3_n1_point,0.012934674917108075,-0.5343554281406842,0.13264954479395014
source_heterogeneity_les_rice_paddy_l500_cv2p0_s5_wind3_n1_point,0.026365579729408974,-0.05084672296749321,-0.1837037169180208
source_heterogeneity_les_rice_paddy_l500_cv2p0_s6_wind3_n1_point,0.024643878561653988,-0.11282746916070316,0.037699963387604854
source_heterogeneity_les_rice_paddy_l500_cv2p0_s7_wind3_n1_point,0.04966297549719275,0.7878528150764184,0.18754912673715562
source_heterogeneity_les_rice_paddy_l100_cv0p5_s0_wind3_n2_point,0.025932468997030358,-0.06643858459823035,0.15210037111002417
source_heterogeneity_les_rice_paddy_l100_cv0p5_s1_wind3_n2_point,0.032233395519011436,0.16039295554076735,-0.02637634697843974
source_heterogeneity_les_rice_paddy_l100_cv0p5_s2_wind3_n2_point,0.028044783186242223,0.00960411787177704,0.00170701224848086
source_heterogeneity_les_rice_paddy_l100_cv0p5_s3_wind3_n2_point,0.026678839801485624,-0.03956945059091284,0.0034840801411432365
source_heterogeneity_les_rice_paddy_l100_cv0p5_s4_wind3_n2_point,0.023198719617619087,-0.16485277494351333,0.23102806235233775
source_heterogeneity_les_rice_paddy_l100_cv0p5_s5_wind3_n2_point,0.027860121549268202,0.0029563521228382654,-0.0033349797762578653
source_heterogeneity_les_rice_paddy_l100_cv0p5_s6_wind3_n2_point,0.029205469410703497,0.05138848767742444,0.01960747978416346
source_heterogeneity_les_rice_paddy_l100_cv0p5_s7_wind3_n2_point,0.032795719912152424,0.18063647174571326,-0.05813829652030866
source_heterogeneity_les_rice_paddy_l250_cv0p5_s0_wind3_n2_point,0.025582028958421717,-0.07905432506221773,0.1513693782748347
source_heterogeneity_les_rice_paddy_l250_cv0p5_s1_wind3_n2_point,0.032372787433237356,0.1654110243083503,-0.019245619414196613
source_heterogeneity_les_rice_paddy_l250_cv0p5_s2_wind3_n2_point,0.027059747051096237,-0.02585689930534105,0.03088163221145955
source_heterogeneity_les_rice_paddy_l250_cv0p5_s3_wind3_n2_point,0.025217201508422177,-0.09218800819273609,0.0192932227514903
source_heterogeneity_les_rice_paddy_l250_cv0p5_s4_wind3_n2_point,0.023284413584162236,-0.1617678168276249,0.2063276218775364
source_heterogeneity_les_rice_paddy_l250_cv0p5_s5_wind3_n2_point,0.02746190030454997,-0.01137949800021712,0.00635945684443492
source_heterogeneity_les_rice_paddy_l250_cv0p5_s6_wind3_n2_point,0.029292417196523837,0.054518582926194686,0.02276612737652832
source_heterogeneity_les_rice_paddy_l250_cv0p5_s7_wind3_n2_point,0.03240286302633631,0.1664937369982112,-0.018143024914073824
source_heterogeneity_les_rice_paddy_l500_cv0p5_s0_wind3_n2_point,0.025804758678369562,-0.07103611928974145,0.09286061179382164
source_heterogeneity_les_rice_paddy_l500_cv0p5_s1_wind3_n2_point,0.03030405074289869,0.09093709924755881,0.08431698405045608
source_heterogeneity_les_rice_paddy_l500_cv0p5_s2_wind3_n2_point,0.02745962292789263,-0.0114614829040021,0.2103908040828526
source_heterogeneity_les_rice_paddy_l500_cv0p5_s3_wind3_n2_point,0.026074721906655777,-0.06131752082022549,0.1186377829932187
source_heterogeneity_les_rice_paddy_l500_cv0p5_s4_wind3_n2_point,0.028383434674836738,0.02179547393033109,-0.033530965537766994
source_heterogeneity_les_rice_paddy_l500_cv0p5_s5_wind3_n2_point,0.0230903386072012,-0.16875446010507594,0.20959855513365325
source_heterogeneity_les_rice_paddy_l500_cv0p5_s6_wind3_n2_point,0.02826053288202189,0.017371044784429777,0.09570735999516543
source_heterogeneity_les_rice_paddy_l500_cv0p5_s7_wind3_n2_point,0.032115388797116166,0.15614474753820165,0.12945243483218313
source_heterogeneity_les_rice_paddy_l100_cv1p0_s0_wind3_n2_point,0.023819160851188625,-0.14251706922065574,0.21195455893104204
source_heterogeneity_les_rice_paddy_l100_cv1p0_s1_wind3_n2_point,0.03622110858904988,0.30394947760997476,-0.14124514067022986
source_heterogeneity_les_rice_paddy_l100_cv1p0_s2_wind3_n2_point,0.0287812506071245,0.03611673292261864,-0.07956770131177264
source_heterogeneity_les_rice_paddy_l100_cv1p0_s3_wind3_n2_point,0.024934523178303757,-0.10236434666629143,-0.011751416042881171
source_heterogeneity_les_rice_paddy_l100_cv1p0_s4_wind3_n2_point,0.020241786837574355,-0.27130150343529574,0.34027072115087764
source_heterogeneity_les_rice_paddy_l100_cv1p0_s5_wind3_n2_point,0.02531963925682641,-0.08850027875201928,-0.023193274594750513
source_heterogeneity_les_rice_paddy_l100_cv1p0_s6_wind3_n2_point,0.030201539058593848,0.08724670813571342,-0.02744645019894812
source_heterogeneity_les_rice_paddy_l100_cv1p0_s7_wind3_n2_point,0.038002945614009194,0.3680950973435522,-0.21732954140868144
source_heterogeneity_les_rice_paddy_l250_cv1p0_s0_wind3_n2_point,0.022826479370613516,-0.1782533166313804,0.2170867350287149
source_heterogeneity_les_rice_paddy_l250_cv1p0_s1_wind3_n2_point,0.03686436700653725,0.32710659538257797,-0.14072575878339066
source_heterogeneity_les_rice_paddy_l250_cv1p0_s2_wind3_n2_point,0.027531534092699848,-0.008872701681192056,-0.03625908434045244
source_heterogeneity_les_rice_paddy_l250_cv1p0_s3_wind3_n2_point,0.0224899305520911,-0.19036897717290302,0.01144370846532572
source_heterogeneity_les_rice_paddy_l250_cv1p0_s4_wind3_n2_point,0.02041297920958528,-0.26513862734591115,0.28675364465553993
source_heterogeneity_les_rice_paddy_l250_cv1p0_s5_wind3_n2_point,0.02446777888995542,-0.11916700662555187,-0.01653590997714803
source_heterogeneity_les_rice_paddy_l250_cv1p0_s6_wind3_n2_point,0.029996267387629665,0.0798569870987711,-0.013083319701413701
source_heterogeneity_les_rice_paddy_l250_cv1p0_s7_wind3_n2_point,0.03638638767180068,0.30989947698900844,-0.12637313728045343
source_heterogeneity_les_rice_paddy_l500_cv1p0_s0_wind3_n2_point,0.02472857486793757,-0.10977842652683532,0.05580488385436582
source_heterogeneity_les_rice_paddy_l500_cv1p0_s1_wind3_n2_point,0.03175102356646082,0.1430277041709561,0.1026770349516799
source_heterogeneity_les_rice_paddy_l500_cv1p0_s2_wind3_n2_point,0.02649659941186774,-0.04613005213234431,0.32948514855584177
source_heterogeneity_les_rice_paddy_l500_cv1p0_s3_wind3_n2_point,0.024784105719097935,-0.10777933187781935,0.14090583199172704
source_heterogeneity_les_rice_paddy_l500_cv1p0_s4_wind3_n2_point,0.028268540275362262,0.01765930863857232,-0.12090472809187042
source_heterogeneity_les_rice_paddy_l500_cv1p0_s5_wind3_n2_point,0.02005984900611445,-0.27785121297017606,0.2808873847156815
source_heterogeneity_les_rice_paddy_l500_cv1p0_s6_wind3_n2_point,0.028438179239719957,0.02376626249981842,0.10301161065691228
source_heterogeneity_les_rice_paddy_l500_cv1p0_s7_wind3_n2_point,0.03546629098595664,0.27677626128434873,0.16255417747555706
source_heterogeneity_les_rice_paddy_l100_cv2p0_s0_wind3_n2_point,0.020533188925441974,-0.2608111121951914,0.28994596248000487
source_heterogeneity_les_rice_paddy_l100_cv2p0_s1_wind3_n2_point,0.04141627319243194,0.4909739071362928,-0.2980813254959152
source_heterogeneity_les_rice_paddy_l100_cv2p0_s2_wind3_n2_point,0.030869374536097897,0.11128859299078034,-0.20896244252933582
source_heterogeneity_les_rice_paddy_l100_cv2p0_s3_wind3_n2_point,0.022105921067531693,-0.2041932080231949,0.0127114582841657
source_heterogeneity_les_rice_paddy_l100_cv2p0_s4_wind3_n2_point,0.016783833071487002,-0.3957868431317229,0.4923272003501573
source_heterogeneity_les_rice_paddy_l100_cv2p0_s5_wind3_n2_point,0.018033817215980654,-0.3507877739225051,0.007031232447907099
source_heterogeneity_les_rice_paddy_l100_cv2p0_s6_wind3_n2_point,0.0311063732691876,0.11982047912692052,-0.06257321656581522
source_heterogeneity_les_rice_paddy_l100_cv2p0_s7_wind3_n2_point,0.04592572453926413,0.6533128569106532,-0.46137857658062875
source_heterogeneity_les_rice_paddy_l250_cv2p0_s0_wind3_n2_point,0.018516144671655597,-0.3334241244274031,0.3116603239361594
source_heterogeneity_les_rice_paddy_l250_cv2p0_s1_wind3_n2_point,0.04349533978554755,0.5658197057220661,-0.32847066196927166
source_heterogeneity_les_rice_paddy_l250_cv2p0_s2_wind3_n2_point,0.02961562518699512,0.0661539775000043,-0.15414248251575519
source_heterogeneity_les_rice_paddy_l250_cv2p0_s3_wind3_n2_point,0.018897229228860675,-0.3197051901194948,0.03594010983150575
source_heterogeneity_les_rice_paddy_l250_cv2p0_s4_wind3_n2_point,0.01740816608785123,-0.373311034349081,0.38357991859085805
source_heterogeneity_les_rice_paddy_l250_cv2p0_s5_wind3_n2_point,0.017582418692133246,-0.36703799077927696,0.005035669474915683
source_heterogeneity_les_rice_paddy_l250_cv2p0_s6_wind3_n2_point,0.030356947532227008,0.09284136842922482,-0.03209960563871021
source_heterogeneity_les_rice_paddy_l250_cv2p0_s7_wind3_n2_point,0.041793550952144855,0.504555797830832,-0.28727655000466795
source_heterogeneity_les_rice_paddy_l500_cv2p0_s0_wind3_n2_point,0.02407462228212592,-0.13332053127921667,-0.022245674017765726
source_heterogeneity_les_rice_paddy_l500_cv2p0_s1_wind3_n2_point,0.033032468222908756,0.1891593427499732,0.14632544978637302
source_heterogeneity_les_rice_paddy_l500_cv2p0_s2_wind3_n2_point,0.024611683368742563,-0.11398648683337308,0.49803161979568067
source_heterogeneity_les_rice_paddy_l500_cv2p0_s3_wind3_n2_point,0.023028840378799677,-0.1709683786161827,0.1770714373727558
source_heterogeneity_les_rice_paddy_l500_cv2p0_s4_wind3_n2_point,0.027668585130746565,-0.003938903781893413,-0.2121252047681654
source_heterogeneity_les_rice_paddy_l500_cv2p0_s5_wind3_n2_point,0.01678670818992512,-0.3956833396959781,0.3516978786301684
source_heterogeneity_les_rice_paddy_l500_cv2p0_s6_wind3_n2_point,0.02864076563245766,0.03105931429396143,0.10632168583753358
source_heterogeneity_les_rice_paddy_l500_cv2p0_s7_wind3_n2_point,0.039403611799344936,0.41851867662700465,0.2027489663643312
source_heterogeneity_les_rice_paddy_l100_cv0p5_s0_wind3_n3_point,0.026004804941445303,-0.06383451143187766,0.15265839766808265
source_heterogeneity_les_rice_paddy_l100_cv0p5_s1_wind3_n3_point,0.028874852723185164,0.03948638214360873,0.10021553407008438
source_heterogeneity_les_rice_paddy_l100_cv0p5_s2_wind3_n3_point,0.023584501373931876,-0.15096474282050992,0.19156551510911352
source_heterogeneity_les_rice_paddy_l100_cv0p5_s3_wind3_n3_point,0.026700953589094772,-0.03877336060570337,0.06271531694709206
source_heterogeneity_les_rice_paddy_l100_cv0p5_s4_wind3_n3_point,0.02561467832197829,-0.07787895737712258,0.16571687221443226
source_heterogeneity_les_rice_paddy_l100_cv0p5_s5_wind3_n3_point,0.026074333920839618,-0.06133148819786819,0.08363133613335588
source_heterogeneity_les_rice_paddy_l100_cv0p5_s6_wind3_n3_point,0.025615568829372107,-0.07784689936740921,0.1152528063449148
source_heterogeneity_les_rice_paddy_l100_cv0p5_s7_wind3_n3_point,0.02775228331323329,-0.0009257933172550756,0.10805133908861328
source_heterogeneity_les_rice_paddy_l250_cv0p5_s0_wind3_n3_point,0.026702472945490132,-0.03871866421304156,0.13057160126357925
source_heterogeneity_les_rice_paddy_l250_cv0p5_s1_wind3_n3_point,0.02901223112082503,0.04443196489398191,0.10557779253687119
source_heterogeneity_les_rice_paddy_l250_cv0p5_s2_wind3_n3_point,0.023387940963988267,-0.15804086096953465,0.17028467129286995
source_heterogeneity_les_rice_paddy_l250_cv0p5_s3_wind3_n3_point,0.02570309644847526,-0.0746959302874484,0.054231488474482906
source_heterogeneity_les_rice_paddy_l250_cv0p5_s4_wind3_n3_point,0.025448764810482968,-0.08385179600824512,0.15337597440864953
source_heterogeneity_les_rice_paddy_l250_cv0p5_s5_wind3_n3_point,0.02661639323889228,-0.041817508859807076,0.061704731496586375
source_heterogeneity_les_rice_paddy_l250_cv0p5_s6_wind3_n3_point,0.026105664925644922,-0.060203581048134426,0.10699537908851742
source_heterogeneity_les_rice_paddy_l250_cv0p5_s7_wind3_n3_point,0.02811386112218341,0.012090903671373353,0.11275018228350034
source_heterogeneity_les_rice_paddy_l500_cv0p5_s0_wind3_n3_point,0.027886212241609035,0.003895609533048987,0.04272099865832111
source_heterogeneity_les_rice_paddy_l500_cv0p5_s1_wind3_n3_point,0.03200790777359335,0.15227546164566746,0.06230361041083435
source_heterogeneity_les_rice_paddy_l500_cv0p5_s2_wind3_n3_point,0.030290313300870234,0.09044255529088609,0.10154840203541891
source_heterogeneity_les_rice_paddy_l500_cv0p5_s3_wind3_n3_point,0.025382377629783685,-0.08624171539406422,0.16243611900691812
source_heterogeneity_les_rice_paddy_l500_cv0p5_s4_wind3_n3_point,0.02639609081142565,-0.049748332802014225,0.04622991601460623
source_heterogeneity_les_rice_paddy_l500_cv0p5_s5_wind3_n3_point,0.025362550711625177,-0.08695547873766377,0.10944005185854236
source_heterogeneity_les_rice_paddy_l500_cv0p5_s6_wind3_n3_point,0.027434186290680757,-0.012377194517936643,0.13201220407429554
source_heterogeneity_les_rice_paddy_l500_cv0p5_s7_wind3_n3_point,0.03198943031387062,0.15161027841711508,0.16414427154729952
source_heterogeneity_les_rice_paddy_l100_cv1p0_s0_wind3_n3_point,0.023193247770933876,-0.1650497598483017,0.2167642578418954
source_heterogeneity_les_rice_paddy_l100_cv1p0_s1_wind3_n3_point,0.029441889392161167,0.059899538921490615,0.10035745441609809
source_heterogeneity_les_rice_paddy_l100_cv1p0_s2_wind3_n3_point,0.02036976147645061,-0.26669445329215163,0.25288503992764805
source_heterogeneity_les_rice_paddy_l100_cv1p0_s3_wind3_n3_point,0.025942223399242136,-0.06608742892785169,0.04331617091184589
source_heterogeneity_les_rice_paddy_l100_cv1p0_s4_wind3_n3_point,0.022921898606662026,-0.17481825161415418,0.2684654955697542
source_heterogeneity_les_rice_paddy_l100_cv1p0_s5_wind3_n3_point,0.02361372183242933,-0.14991281473002627,0.07160696477874637
source_heterogeneity_les_rice_paddy_l100_cv1p0_s6_wind3_n3_point,0.024353728523202074,-0.12327278698242951,0.12438495882684941
source_heterogeneity_les_rice_paddy_l100_cv1p0_s7_wind3_n3_point,0.027274961407268584,-0.01810924446437529,0.13635759164810568
source_heterogeneity_les_rice_paddy_l250_cv1p0_s0_wind3_n3_point,0.024173598058449403,-0.12975743183636684,0.18003275924108564
source_heterogeneity_les_rice_paddy_l250_cv1p0_s1_wind3_n3_point,0.02982420981394944,0.07366296399846782,0.10772388301296208
source_heterogeneity_les_rice_paddy_l250_cv1p0_s2_wind3_n3_point,0.020180645694948915,-0.2735025669613034,0.22316890982983636
source_heterogeneity_les_rice_paddy_l250_cv1p0_s3_wind3_n3_point,0.024081815253142482,-0.1330615863941795,0.030376035537994506
source_heterogeneity_les_rice_paddy_l250_cv1p0_s4_wind3_n3_point,0.02295754145979825,-0.1735351191663097,0.2260658520892291
source_heterogeneity_les_rice_paddy_l250_cv1p0_s5_wind3_n3_point,0.02432252961355371,-0.1243959387445565,0.025382313213454993
source_heterogeneity_les_rice_paddy_l250_cv1p0_s6_wind3_n3_point,0.0251131635527605,-0.0959333446338649,0.1080493517857864
source_heterogeneity_les_rice_paddy_l250_cv1p0_s7_wind3_n3_point,0.0276102624562505,-0.0060385032669559155,0.1442767033398533
source_heterogeneity_les_rice_paddy_l500_cv1p0_s0_wind3_n3_point,0.027954437532244067,0.006351700347183609,-0.03039830826854891
source_heterogeneity_les_rice_paddy_l500_cv1p0_s1_wind3_n3_point,0.03535480654247672,0.27276285342633444,0.03385070608478974
source_heterogeneity_les_rice_paddy_l500_cv1p0_s2_wind3_n3_point,0.032478415383685816,0.1692136001038885,0.0895036238960629
source_heterogeneity_les_rice_paddy_l500_cv1p0_s3_wind3_n3_point,0.023716652811264165,-0.146207329135857,0.199585436435164
source_heterogeneity_les_rice_paddy_l500_cv1p0_s4_wind3_n3_point,0.024920829027526292,-0.10285733215039629,0.007558068594673187
source_heterogeneity_les_rice_paddy_l500_cv1p0_s5_wind3_n3_point,0.023433160521217,-0.1564129699324285,0.12101863251046502
source_heterogeneity_les_rice_paddy_l500_cv1p0_s6_wind3_n3_point,0.026843775746082252,-0.033631804086606265,0.15219497138786708
source_heterogeneity_les_rice_paddy_l500_cv1p0_s7_wind3_n3_point,0.034948691869320786,0.258142842152811,0.2328989168540902
source_heterogeneity_les_rice_paddy_l100_cv2p0_s0_wind3_n3_point,0.018995367122560624,-0.3161722542097839,0.2913388520846958
source_heterogeneity_les_rice_paddy_l100_cv2p0_s1_wind3_n3_point,0.02982922731911247,0.07384359273930695,0.10217556416548036
source_heterogeneity_les_rice_paddy_l100_cv2p0_s2_wind3_n3_point,0.01667314357529812,-0.3997716331162028,0.3159796258949898
source_heterogeneity_les_rice_paddy_l100_cv2p0_s3_wind3_n3_point,0.024952658745491605,-0.10171147147053047,0.02756966488853628
source_heterogeneity_les_rice_paddy_l100_cv2p0_s4_wind3_n3_point,0.018574039582247383,-0.33133992431969966,0.45620264471399635
source_heterogeneity_les_rice_paddy_l100_cv2p0_s5_wind3_n3_point,0.01724903287307196,-0.3790397842511355,0.08479771565102628
source_heterogeneity_les_rice_paddy_l100_cv2p0_s6_wind3_n3_point,0.023058113193069486,-0.16991456573297267,0.14565772135057206
source_heterogeneity_les_rice_paddy_l100_cv2p0_s7_wind3_n3_point,0.0258003416303819,-0.07119513174519765,0.21524442876817135
source_heterogeneity_les_rice_paddy_l250_cv2p0_s0_wind3_n3_point,0.019859634301401176,-0.2850588846784803,0.2494390814919511
source_heterogeneity_les_rice_paddy_l250_cv2p0_s1_wind3_n3_point,0.030761630561710607,0.10740984094285427,0.10831926742941791
source_heterogeneity_les_rice_paddy_l250_cv2p0_s2_wind3_n3_point,0.01662345832338219,-0.40156028787593817,0.2895439990392207
source_heterogeneity_les_rice_paddy_l250_cv2p0_s3_wind3_n3_point,0.02222365302242889,-0.1999548915534275,0.010577941044613404
source_heterogeneity_les_rice_paddy_l250_cv2p0_s4_wind3_n3_point,0.019364093825199928,-0.3028981991072097,0.3475149355370114
source_heterogeneity_les_rice_paddy_l250_cv2p0_s5_wind3_n3_point,0.01867024844896386,-0.32787643282583845,0.018347649827892054
source_heterogeneity_les_rice_paddy_l250_cv2p0_s6_wind3_n3_point,0.024175153153780056,-0.12970144885232718,0.11396829399380368
source_heterogeneity_les_rice_paddy_l250_cv2p0_s7_wind3_n3_point,0.026080744684492944,-0.0611007025526336,0.21469568647629972
source_heterogeneity_les_rice_paddy_l500_cv2p0_s0_wind3_n3_point,0.028397289203576342,0.022294232974884507,-0.1486307234052882
source_heterogeneity_les_rice_paddy_l500_cv2p0_s1_wind3_n3_point,0.03928908697072994,0.41439581577975165,0.0038988832958022357
source_heterogeneity_les_rice_paddy_l500_cv2p0_s2_wind3_n3_point,0.035672766487765684,0.2842093198850055,0.05006131544277165
source_heterogeneity_les_rice_paddy_l500_cv2p0_s3_wind3_n3_point,0.02195168979386421,-0.2097454894569728,0.233133052404712
source_heterogeneity_les_rice_paddy_l500_cv2p0_s4_wind3_n3_point,0.022825729805661308,-0.1782803007537869,-0.029216859170290904
source_heterogeneity_les_rice_paddy_l500_cv2p0_s5_wind3_n3_point,0.021065355706764297,-0.24165326133039466,0.14110323832173088
source_heterogeneity_les_rice_paddy_l500_cv2p0_s6_wind3_n3_point,0.025955964894323173,-0.0655927390624533,0.1710801486137091
source_heterogeneity_les_rice_paddy_l500_cv2p0_s7_wind3_n3_point,0.03795561292669708,0.36639113423202097,0.34109401748429524
source_heterogeneity_les_rice_paddy_l100_cv0p5_s0_wind3_n4_point,0.029438914119627076,0.059792429967134963,-0.08010804306440986
source_heterogeneity_les_rice_paddy_l100_cv0p5_s1_wind3_n4_point,0.02762177548566833,-0.005624037523639965,0.015762715021150665
source_heterogeneity_les_rice_paddy_l100_cv0p5_s2_wind3_n4_point,0.02365888216536258,-0.1482870557505011,0.0650381186665121
source_heterogeneity_les_rice_paddy_l100_cv0p5_s3_wind3_n4_point,0.027128928423068594,-0.023366389838411925,-0.05945814253960187
source_heterogeneity_les_rice_paddy_l100_cv0p5_s4_wind3_n4_point,0.02877123958634488,0.035756339057703174,-0.06447979614364258
source_heterogeneity_les_rice_paddy_l100_cv0p5_s5_wind3_n4_point,0.025334035853575347,-0.0879820054152442,0.026308560229417105
source_heterogeneity_les_rice_paddy_l100_cv0p5_s6_wind3_n4_point,0.026479540257811334,-0.04674417676537787,-0.025554713076911026
source_heterogeneity_les_rice_paddy_l100_cv0p5_s7_wind3_n4_point,0.02512511135715968,-0.09550322711643465,0.08771744168448685
source_heterogeneity_les_rice_paddy_l250_cv0p5_s0_wind3_n4_point,0.02986392321701597,0.07509263507149438,-0.09251859391321479
source_heterogeneity_les_rice_paddy_l250_cv0p5_s1_wind3_n4_point,0.027771456749199074,-0.00023555514439219458,0.016348898632847195
source_heterogeneity_les_rice_paddy_l250_cv0p5_s2_wind3_n4_point,0.022806981447183555,-0.17895523625950197,0.07668890380954926
source_heterogeneity_les_rice_paddy_l250_cv0p5_s3_wind3_n4_point,0.026428112443354284,-0.0485955632747396,-0.0697188526919259
source_heterogeneity_les_rice_paddy_l250_cv0p5_s4_wind3_n4_point,0.027789002649053426,0.0003960921971857271,-0.049093734995646926
source_heterogeneity_les_rice_paddy_l250_cv0p5_s5_wind3_n4_point,0.026054652143964026,-0.062040026497083116,0.0031097981742244166
source_heterogeneity_les_rice_paddy_l250_cv0p5_s6_wind3_n4_point,0.026703021211352027,-0.038698926799912665,-0.02907148157416744
source_heterogeneity_les_rice_paddy_l250_cv0p5_s7_wind3_n4_point,0.025679488989995426,-0.07554579199382873,0.08129320803370332
source_heterogeneity_les_rice_paddy_l500_cv0p5_s0_wind3_n4_point,0.028889072594824424,0.03999829342733183,-0.08513026604289553
source_heterogeneity_les_rice_paddy_l500_cv0p5_s1_wind3_n4_point,0.03143629033377917,0.1316973984368626,-0.04430520208363439
source_heterogeneity_les_rice_paddy_l500_cv0p5_s2_wind3_n4_point,0.03202522880210111,0.15289901368353048,-0.06871461366438208
source_heterogeneity_les_rice_paddy_l500_cv0p5_s3_wind3_n4_point,0.02870925850837235,0.03352503810109973,-0.08784459550423704
source_heterogeneity_les_rice_paddy_l500_cv0p5_s4_wind3_n4_point,0.02484345392710603,-0.10564281348167513,-1.7143198203270482e-05
source_heterogeneity_les_rice_paddy_l500_cv0p5_s5_wind3_n4_point,0.025604625900275166,-0.07824084166336075,0.018480246715145247
source_heterogeneity_les_rice_paddy_l500_cv0p5_s6_wind3_n4_point,0.030350501467928833,0.0926093119709422,-0.0594093168467222
source_heterogeneity_les_rice_paddy_l500_cv0p5_s7_wind3_n4_point,0.0349370101195473,0.25772230252528255,-0.08328384040403014
source_heterogeneity_les_rice_paddy_l100_cv1p0_s0_wind3_n4_point,0.029651695480553877,0.0674524976799581,-0.1123997809705743
source_heterogeneity_les_rice_paddy_l100_cv1p0_s1_wind3_n4_point,0.0272197075755333,-0.02009836649386924,0.04204105435230594
source_heterogeneity_les_rice_paddy_l100_cv1p0_s2_wind3_n4_point,0.020746985255807135,-0.25311450587489615,0.11539123253366634
source_heterogeneity_les_rice_paddy_l100_cv1p0_s3_wind3_n4_point,0.02730535883147372,-0.017014945947378467,-0.10607412872633402
source_heterogeneity_les_rice_paddy_l100_cv1p0_s4_wind3_n4_point,0.02973030575524328,0.0702824449291986,-0.089252486927863
source_heterogeneity_les_rice_paddy_l100_cv1p0_s5_wind3_n4_point,0.02235115198517728,-0.19536496561389305,0.05780071501064504
source_heterogeneity_les_rice_paddy_l100_cv1p0_s6_wind3_n4_point,0.025016228867094637,-0.09942296540086988,-0.0071123424734161195
source_heterogeneity_les_rice_paddy_l100_cv1p0_s7_wind3_n4_point,0.02343950445211588,-0.15618459024710638,0.16548383725879287
source_heterogeneity_les_rice_paddy_l250_cv1p0_s0_wind3_n4_point,0.02974364083161422,0.0707625038380812,-0.119370153131232
source_heterogeneity_les_rice_paddy_l250_cv1p0_s1_wind3_n4_point,0.027564430757591813,-0.007688431219244997,0.041828827772256896
source_heterogeneity_les_rice_paddy_l250_cv1p0_s2_wind3_n4_point,0.019614462154726515,-0.29388501134975464,0.13425093955091486
source_heterogeneity_les_rice_paddy_l250_cv1p0_s3_wind3_n4_point,0.025937605420102927,-0.06625367484689587,-0.11929468025964493
source_heterogeneity_les_rice_paddy_l250_cv1p0_s4_wind3_n4_point,0.02782934933434182,0.001848561247815564,-0.06485039694873405
source_heterogeneity_les_rice_paddy_l250_cv1p0_s5_wind3_n4_point,0.023298437319013196,-0.16126296641179366,0.012615860508649351
source_heterogeneity_les_rice_paddy_l250_cv1p0_s6_wind3_n4_point,0.02556647596849759,-0.07961422822026104,-0.02277190138528916
source_heterogeneity_les_rice_paddy_l250_cv1p0_s7_wind3_n4_point,0.024242412093665566,-0.12728014638686855,0.14956500573420234
source_heterogeneity_les_rice_paddy_l500_cv1p0_s0_wind3_n4_point,0.02900012468280471,0.043996136611876666,-0.13838854559628705
source_heterogeneity_les_rice_paddy_l500_cv1p0_s1_wind3_n4_point,0.03424020175478952,0.23263740207320613,-0.06083160198052284
source_heterogeneity_les_rice_paddy_l500_cv1p0_s2_wind3_n4_point,0.03484783896700514,0.25451216671485133,-0.09367150135286154
source_heterogeneity_les_rice_paddy_l500_cv1p0_s3_wind3_n4_point,0.030151016810856038,0.0854279217674432,-0.1655048281771352
source_heterogeneity_les_rice_paddy_l500_cv1p0_s4_wind3_n4_point,0.022747678797055096,-0.18109011458509988,-0.002163429670076905
source_heterogeneity_les_rice_paddy_l500_cv1p0_s5_wind3_n4_point,0.023699703571098456,-0.1468174969004804,0.0472914008937408
source_heterogeneity_les_rice_paddy_l500_cv1p0_s6_wind3_n4_point,0.031730190849540416,0.14227773236159605,-0.09163641774203615
source_heterogeneity_les_rice_paddy_l500_cv1p0_s7_wind3_n4_point,0.04152815698262776,0.4950016913610685,-0.1651697260573336
source_heterogeneity_les_rice_paddy_l100_cv2p0_s0_wind3_n4_point,0.02871551681546069,0.033750335353901935,-0.13331048699920822
source_heterogeneity_les_rice_paddy_l100_cv2p0_s1_wind3_n4_point,0.026533370240567018,-0.04480631288908425,0.07414858841689476
source_heterogeneity_les_rice_paddy_l100_cv2p0_s2_wind3_n4_point,0.01756468834948785,-0.36767627800821334,0.16756527599297685
source_heterogeneity_les_rice_paddy_l100_cv2p0_s3_wind3_n4_point,0.027426701931238726,-0.012646629302371457,-0.15476843671195276
source_heterogeneity_les_rice_paddy_l100_cv2p0_s4_wind3_n4_point,0.03122984400908328,0.12426539020387639,-0.10375860974203768
source_heterogeneity_les_rice_paddy_l100_cv2p0_s5_wind3_n4_point,0.015993088303083658,-0.4242534270615718,0.10402103799904783
source_heterogeneity_les_rice_paddy_l100_cv2p0_s6_wind3_n4_point,0.02305009437350508,-0.17020324092788966,0.03729614451735597
source_heterogeneity_les_rice_paddy_l100_cv2p0_s7_wind3_n4_point,0.02199483111364782,-0.20819241436936356,0.25648988109231435
source_heterogeneity_les_rice_paddy_l250_cv2p0_s0_wind3_n4_point,0.027766432999774677,-0.0004164086768422404,-0.11709272011422175
source_heterogeneity_les_rice_paddy_l250_cv2p0_s1_wind3_n4_point,0.027189977315492834,-0.02116864729307966,0.07385731726663636
source_heterogeneity_les_rice_paddy_l250_cv2p0_s2_wind3_n4_point,0.016623629359666228,-0.40155413061897083,0.18843938388732584
source_heterogeneity_les_rice_paddy_l250_cv2p0_s3_wind3_n4_point,0.025478030935316132,-0.08279822394282771,-0.1720794363597723
source_heterogeneity_les_rice_paddy_l250_cv2p0_s4_wind3_n4_point,0.027940978415808518,0.005867176031698366,-0.06981853331638217
source_heterogeneity_les_rice_paddy_l250_cv2p0_s5_wind3_n4_point,0.017691143412296953,-0.36312393216585237,0.03590577500678366
source_heterogeneity_les_rice_paddy_l250_cv2p0_s6_wind3_n4_point,0.02417604770629547,-0.12966924521940137,-0.002503147418263435
source_heterogeneity_les_rice_paddy_l250_cv2p0_s7_wind3_n4_point,0.022811824923025498,-0.1787808725241019,0.2260433857129907
source_heterogeneity_les_rice_paddy_l500_cv2p0_s0_wind3_n4_point,0.028483328208280017,0.025391612365181667,-0.19721616105701997
source_heterogeneity_les_rice_paddy_l500_cv2p0_s1_wind3_n4_point,0.03752351463095123,0.350835720028484,-0.07457432905516054
source_heterogeneity_les_rice_paddy_l500_cv2p0_s2_wind3_n4_point,0.03737146619681805,0.34536202018928813,-0.09393342013006706
source_heterogeneity_les_rice_paddy_l500_cv2p0_s3_wind3_n4_point,0.03252007468961441,0.1707133231195338,-0.2758582364375515
source_heterogeneity_les_rice_paddy_l500_cv2p0_s4_wind3_n4_point,0.020612362439618736,-0.25796088848661763,-0.01746661274933714
source_heterogeneity_les_rice_paddy_l500_cv2p0_s5_wind3_n4_point,0.021342803891195507,-0.231665206595309,0.08103048217105271
source_heterogeneity_les_rice_paddy_l500_cv2p0_s6_wind3_n4_point,0.03277090531174594,0.1797431532776275,-0.1248280580765172
source_heterogeneity_les_rice_paddy_l500_cv2p0_s7_wind3_n4_point,0.05075564896288881,0.827188745154036,-0.3048073702537415
