geometry,n,model,form,a,a_lo,a_hi,alpha,alpha_se,beta,beta_se,r2_log,adj_r2_log,rmse_log,rmse_rel,aic,bic,loco_rmse_log,n_params,n_points
open_path,1,M0,a·CV,0.11378204738956531,0.08612560351518783,0.15031946110982272,,,,,0.5648308364418242,0.5648308364418242,0.401864681675527,0.38038280654921935,11.13137612169183,11.32860069902805,0.45209776688496783,1,9
open_path,1,M1,a·L/√A,0.49027197999786254,0.32845044703395376,0.7318200250346333,,,,,0.09958549493183244,0.09958549493183244,0.5780588093802251,0.6497507563117129,17.675459552930157,17.87268413026638,0.6503161605527533,1,9
open_path,1,M2,a·CV·L/√A,0.49027197999786254,0.383911991609577,0.6260982194467831,,,,,0.6644163313736562,0.6644163313736562,0.3528996206341585,0.3448220866718393,8.79260437834187,8.98982895567809,0.39701207321342824,1,9
open_path,1,M3,a·CV^α·(L/√A)^β,0.25132457207516984,0.1858749361848419,0.33982010606289725,0.8272128160081195,0.11186168223943893,0.5425301114559711,0.09604518782112119,0.935200442480549,0.9136005899740653,0.1550732193139192,0.1626251008677815,-2.008548439056133,-1.4168747070474748,0.2246508921839963,3,9
open_path,1,M4,a·σ_log^α·(L/√A)^β,0.32857311450060905,0.2408952908648167,0.448162731554659,1.1564231937489267,0.15664445851875658,0.542530111455971,0.0961915812855989,0.9350027550906221,0.9133370067874962,0.1553095841577817,0.16264956794037455,-1.9811334665487799,-1.3894597345401216,0.22776661774066972,3,9
open_path,1,M5,"a·CV/√N_eff,lognormal",0.3337860138182992,0.28721100564712754,0.387913766638852,,,,,0.8732652471641968,0.8732652471641968,0.21686958272507062,0.22455223532479598,0.02862966480292073,0.2258542421391403,0.24397828056570436,1,9
open_path,1,M6,"a·σ_log/√N_eff,lognormal",0.42084366771804504,0.3478361669349931,0.509174748040149,,,,,0.7962947103551576,0.7962947103551576,0.27494886803048174,0.2755262654041736,4.299831202997812,4.497055780334032,0.30931747653429187,1,9
open_path,2,M0,a·CV,0.11239212516288262,0.08539767990131793,0.14791959000790283,,,,,0.5745876247351963,0.5745876247351963,0.3963765582298562,0.3737455535053061,10.883862528940474,11.081087106276694,0.4459236280085881,1,9
open_path,2,M1,a·L/√A,0.4842829866746392,0.3231106426026896,0.7258504681038832,,,,,0.07661259207387949,0.07661259207387949,0.5839758353255216,0.6563477601838507,17.858771449893514,18.05599602722973,0.6569728147412116,1,9
open_path,2,M2,a·CV·L/√A,0.48428298667463926,0.37764490856077815,0.6210331606913841,,,,,0.6512002168090758,0.6512002168090758,0.3589145014702097,0.3495024130086286,9.096814223880052,9.29403880121627,0.4037788141539858,1,9
open_path,2,M3,a·CV^α·(L/√A)^β,0.24466586911818425,0.18014254200727836,0.3323001154770974,0.8312626064325104,0.11352062852374425,0.5325615320596572,0.09746957018576509,0.9329413691448114,0.9105884921930819,0.15737300719325248,0.16507625151537103,-1.7435624931158742,-1.151888761107216,0.22806978769106995,3,9
open_path,2,M4,a·σ_log^α·(L/√A)^β,0.3202431990549816,0.23337458010552936,0.4394467747712455,1.161484692652102,0.15969202938857324,0.532561532059657,0.09806302100213693,0.9321223001857827,0.9094964002477103,0.1583311845958586,0.1659627250588967,-1.6343004265777887,-1.0426266945691305,0.23216462200673282,3,9
open_path,2,M5,"a·CV/√N_eff,lognormal",0.3297085990573091,0.282653572589164,0.38459715649991016,,,,,0.8662969447584639,0.8662969447584639,0.2222151007558295,0.22922816218362732,0.46692360769030894,0.6641481850265285,0.2499919883503082,1,9
open_path,2,M6,"a·σ_log/√N_eff,lognormal",0.41570278669911515,0.3421836703664485,0.5050176903075095,,,,,0.786420306615073,0.786420306615073,0.28085546694697755,0.2808026429212316,4.682421897136363,4.879646474472583,0.31596240031534967,1,9
open_path,3,M0,a·CV,0.10872057111566724,0.08284392594770405,0.1426798941322317,,,,,0.580814393217971,0.580814393217971,0.3922604094162057,0.37112261142780545,10.6959652974592,10.89318987479542,0.4412929605932313,1,9
open_path,3,M1,a·L/√A,0.46846273986334364,0.3127412150983013,0.7017218327660799,,,,,0.07365864028039426,0.07365864028039426,0.5831185049003419,0.6529007035014623,17.832326371895753,18.029550949231975,0.6560083180128846,1,9
open_path,3,M2,a·CV·L/√A,0.46846273986334364,0.3660130396793243,0.5995888529888016,,,,,0.6544730334983653,0.6544730334983653,0.3561330424029582,0.34795460567567466,8.956777337762663,9.154001915098883,0.400649672703328,1,9
open_path,3,M3,a·CV^α·(L/√A)^β,0.23617362382895477,0.17656841820976685,0.31590009786594603,0.8328053535256625,0.1078523834271754,0.5311146671295719,0.09260277707111475,0.9390985244444346,0.9187980325925795,0.1495151509784336,0.1558125142470755,-2.665542247398573,-2.073868515389915,0.21787932533526227,3,9
open_path,3,M4,a·σ_log^α·(L/√A)^β,0.3092965522460397,0.22905678079519937,0.4176447293949401,1.1638409096679843,0.15156435843105384,0.5311146671295717,0.09307201443244575,0.938479760040178,0.917973013386904,0.1502727750707462,0.15636435363572415,-2.5745628482349616,-1.9828891162263034,0.22160478022340155,3,9
open_path,3,M5,"a·CV/√N_eff,lognormal",0.3189378894589612,0.2746861864750457,0.3703185028628208,,,,,0.8734258560667167,0.8734258560667167,0.2155478997577777,0.2201930963121573,-0.08140458894402514,0.11581998839219443,0.24249138722749985,1,9
open_path,3,M6,"a·σ_log/√N_eff,lognormal",0.4021228739896444,0.33212046795243616,0.48687997696320645,,,,,0.7924688544364843,0.7924688544364843,0.2760024504164936,0.27284149252185463,4.36867396797625,4.56589854531247,0.3105027567185553,1,9
open_path,4,M0,a·CV,0.10844871574254143,0.0821940240864246,0.14308976932240325,,,,,0.5628956660763542,0.5628956660763542,0.4000128972025662,0.3781525547908529,11.048240788708492,11.245465366044712,0.45001450935288695,1,9
open_path,4,M1,a·L/√A,0.46729135057027604,0.3129845825644706,0.6976740021141876,,,,,0.08616403906797165,0.08616403906797165,0.5783830537165242,0.6466250396819916,17.68555326951474,17.88277784685096,0.6506809354310897,1,9
open_path,4,M2,a·CV·L/√A,0.4672913505702759,0.36451847028031076,0.5990401697611512,,,,,0.6490597051443258,0.6490597051443258,0.3584248037263174,0.3506660457106977,9.072238515577247,9.269463092913467,0.4032279041921071,1,9
open_path,4,M3,a·CV^α·(L/√A)^β,0.23737362840885706,0.17467269163238922,0.3225818468668859,0.8216630101137498,0.1137343834321051,0.5362984260415846,0.097653101578376,0.9320903342228203,0.9094537789637603,0.1576693344173748,0.1654960115368927,-1.7097010662363559,-1.1180273342276976,0.2285515565835892,3,9
open_path,4,M4,a·σ_log^α·(L/√A)^β,0.3097169707274063,0.22545377030839453,0.42547348764825427,1.1478338722060584,0.1602511167025897,0.5362984260415843,0.09840634302782814,0.9310386593723837,0.9080515458298449,0.15888550754522354,0.16665684944251546,-1.5713918628615522,-0.9797181308528939,0.23278357675332778,3,9
open_path,4,M5,"a·CV/√N_eff,lognormal",0.31814038648364484,0.2728949117999494,0.3708874776901636,,,,,0.8661249983809485,0.8661249983809485,0.2213763294547599,0.2292548749266877,0.39885240349403395,0.5960769808302535,0.2490483706366048,1,9
open_path,4,M6,"a·σ_log/√N_eff,lognormal",0.40111736727799746,0.3310187529012633,0.4860605053998977,,,,,0.7901181274606557,0.7901181274606557,0.2771844756120162,0.276390989638226,4.445597282317928,4.6428218596541475,0.31183253506351816,1,9
point,1,M0,a·CV,0.19516037406264883,0.15775943378463242,0.241428171302065,,,,,0.6583644580498381,0.6583644580498381,0.3070147247061871,0.2977288277145385,6.285421349693672,6.482645927029891,0.34539156529446047,1,9
point,1,M1,a·L/√A,0.8409205600003383,0.547720551680442,1.2910733147801534,,,,,-0.38737620967567366,-0.38737620967567366,0.6186924319809963,0.7257782713333578,18.89824744197896,19.095472019315178,0.6960289859786207,1,9
point,1,M2,a·CV·L/√A,0.8409205600003383,0.6162884252646021,1.1474292867461697,,,,,0.2709882483741647,0.2709882483741647,0.44848192723950425,0.435981186231131,13.106929500190216,13.304154077526436,0.5045421681444422,1,9
point,1,M3,a·CV^α·(L/√A)^β,0.33849311433040474,0.2616935989158311,0.437831070090286,0.7835515873582783,0.09541946217683082,0.3770050787227036,0.0819277878098363,0.9365795268241605,0.9154393690988806,0.13227946235683324,0.13886054775481238,-4.870198597888232,-4.278524865879573,0.18780946192329037,3,9
point,1,M4,a·σ_log^α·(L/√A)^β,0.4365434336707694,0.33701384859270744,0.5654668800016461,1.0976125168666238,0.13058734603541924,0.3770050787227035,0.08019053741076043,0.939240628999466,0.9189875053326214,0.12947452211723662,0.13583119060661522,-5.255987239222389,-4.6643135072137305,0.18708181820833417,3,9
point,1,M5,"a·CV/√N_eff,lognormal",0.5725138965959028,0.4760942184843521,0.6884607060318608,,,,,0.7432890836773173,0.7432890836773173,0.2661336869175446,0.25661646967851787,3.7132763446781447,3.9105009220143643,0.29940039778223765,1,9
point,1,M6,"a·σ_log/√N_eff,lognormal",0.7218362606233332,0.5858771875137098,0.88934609207409,,,,,0.6712861480448046,0.6712861480448046,0.30115264707679024,0.2904367454276229,5.938409424230106,6.135634001566325,0.338796727961389,1,9
point,2,M0,a·CV,0.13510442482668805,0.11401351666319776,0.16009685642511304,,,,,0.747294090590838,0.747294090590838,0.2449345564203184,0.2440612872182194,2.2191376238028875,2.4163622011391075,0.2755513759728581,1,9
point,2,M1,a·L/√A,0.582147319246843,0.3744334841565594,0.905088662328569,,,,,-0.7083600613434669,-0.7083600613434669,0.6368425425404884,0.7721802341312662,19.418702478941302,19.61592705627752,0.7164478603580495,1,9
point,2,M2,a·CV·L/√A,0.582147319246843,0.4181005615919664,0.8105597849854633,,,,,0.038934029247371105,0.038934029247371105,0.4776600972530322,0.49985595066923005,14.241487522773898,14.438712100110118,0.5373676094096613,1,9
point,2,M3,a·CV^α·(L/√A)^β,0.21139071548906144,0.18921089984262077,0.2361705093741727,0.7769405909771162,0.041102396390407525,0.3064747391794406,0.035290792183554645,0.9863239564660375,0.98176527528805,0.056980020344536496,0.057361720934403754,-20.03008907389428,-19.438415341885623,0.0821462176331955,3,9
point,2,M4,a·σ_log^α·(L/√A)^β,0.2719658832425853,0.2440387683265386,0.30308889917420545,1.0871895159714167,0.05467949822004152,0.3064747391794403,0.03357736014044243,0.9876197117125407,0.9834929489500542,0.05421353688993698,0.05458551152216979,-20.925949987187607,-20.33427625517895,0.08095971095806925,3,9
point,2,M5,"a·CV/√N_eff,lognormal",0.39633640320880603,0.32920023658695324,0.4771641300658733,,,,,0.6978408147758208,0.6978408147758208,0.2678306424388053,0.2537315624937435,3.827685868080085,4.024910445416305,0.30130947274365594,1,9
point,2,M6,"a·σ_log/√N_eff,lognormal",0.499708372045119,0.405547128936856,0.615732276903538,,,,,0.6176135932631424,0.6176135932631424,0.3012961521614471,0.28173954761772596,5.9469847307987145,6.144209308134934,0.3389581711816279,1,9
point,3,M0,a·CV,0.11677514429599205,0.0898661284277844,0.15174164686874078,,,,,0.5899693743986016,0.5899693743986016,0.3779834118420468,0.36148890130580696,10.028604167541964,10.225828744878184,0.4252313383223026,1,9
point,3,M1,a·L/√A,0.5031688436095281,0.3368020638732566,0.7517141738021667,,,,,0.03690500841709998,0.03690500841709998,0.5792941664273917,0.6527829152475719,17.713885920267984,17.911110497604202,0.6517059372308156,1,9
point,3,M2,a·CV·L/√A,0.5031688436095281,0.39192169626416384,0.6459935430793338,,,,,0.6268743828157017,0.6268743828157017,0.36057210587187444,0.35334331851868267,9.179753730231592,9.37697830756781,0.40564361910585867,1,9
point,3,M3,a·CV^α·(L/√A)^β,0.247696351257055,0.1915619630215644,0.3202800882717605,0.8208994663923482,0.09529445660410117,0.5147983523525671,0.0818204571898139,0.9499139245458286,0.9332185660611048,0.13210616783624957,0.13688338169636652,-4.8937952042162145,-4.302121472207556,0.1922889123588197,3,9
point,3,M4,a·σ_log^α·(L/√A)^β,0.3231308088757967,0.247666452234735,0.4215892734061734,1.1471008963525673,0.13422617547443394,0.5147983523525677,0.08242505474432765,0.9491709856482691,0.9322279808643588,0.1330823426066336,0.1376163507908206,-4.761276452160166,-4.169602720151508,0.19653667569998642,3,9
point,3,M5,"a·CV/√N_eff,lognormal",0.3425664313647289,0.29700661240828824,0.39511497386005917,,,,,0.8782792125671346,0.8782792125671346,0.20594296901205544,0.20738503552444618,-0.9019143659285787,-0.7046897885923591,0.23168584013856242,1,9
point,3,M6,"a·σ_log/√N_eff,lognormal",0.4319141828725442,0.3595676453263448,0.5188171510736019,,,,,0.7991415445839041,0.7991415445839041,0.26455114909744804,0.25825691732613626,3.605921608806925,3.8031461861431444,0.29762004273462905,1,9
point,4,M0,a·CV,0.09747387722723243,0.07357039033820711,0.12914375875990655,,,,,0.5469386185375082,0.5469386185375082,0.4059973022162282,0.38449280045928996,11.315535842262372,11.512760419598592,0.4567469649932566,1,9
point,4,M1,a·L/√A,0.42000220494051665,0.282334438120529,0.6247975037306271,,,,,0.09710694856260049,0.09710694856260049,0.5731427203813821,0.6358396139497443,17.5217242813812,17.718948858717418,0.6447855604290551,1,9
point,4,M2,a·CV·L/√A,0.42000220494051665,0.3273025475810414,0.5389565509300472,,,,,0.6440455671001087,0.6440455671001087,0.35986683825097077,0.353793469508381,9.14451182296078,9.341736400297,0.40485019303234204,1,9
point,4,M3,a·CV^α·(L/√A)^β,0.2147145127014301,0.15657975659677292,0.29443347573553924,0.8106262697219224,0.11707990853237556,0.5406572899693375,0.10052559178398515,0.9275920233707972,0.9034560311610629,0.1623072169988648,0.1709305909502246,-1.1878644938914196,-0.5961907618827613,0.23509032297777993,3,9
point,4,M4,a·σ_log^α·(L/√A)^β,0.27909821247823396,0.20093322821083834,0.3876701374986606,1.131571219818959,0.16582624256147632,0.5406572899693373,0.10182989325937572,0.9257008728300118,0.9009344971066824,0.164413123950928,0.1731521755592161,-0.9558198652147265,-0.36414613320606826,0.2401819504602182,3,9
point,4,M5,"a·CV/√N_eff,lognormal",0.2859450825286866,0.24471685151986594,0.33411916553568355,,,,,0.8612431852030239,0.8612431852030239,0.22468381342590218,0.2346854802443017,0.6657930999424511,0.8630176772786706,0.25276929010413995,1,9
point,4,M6,"a·σ_log/√N_eff,lognormal",0.3605249240994838,0.2976191903602469,0.4367266127550751,,,,,0.7895530618158414,0.7895530618158414,0.276704314615202,0.275702648370415,4.414389212177514,4.611613789513733,0.3112923539421022,1,9
