L_m,CV,seed,n,network,q_posterior_kg_s,q_rel_error,posterior_sigma_kg_s,ak_diagonal,chi2_per_dof_or_nan,converged
100,0.5,0,1,op,0.027891976,+0.004103,0.010876613,0.999882,nan,True
100,0.5,1,1,op,0.029251824,+0.053057,0.010876613,0.999882,nan,True
100,0.5,2,1,op,0.026540608,-0.044546,0.010876613,0.999882,nan,True
100,0.5,3,1,op,0.026339579,-0.051783,0.010876613,0.999882,nan,True
100,0.5,4,1,op,0.028555345,+0.027984,0.010876613,0.999882,nan,True
100,0.5,5,1,op,0.026276363,-0.054058,0.010876613,0.999882,nan,True
100,0.5,6,1,op,0.026553302,-0.044089,0.010876613,0.999882,nan,True
100,0.5,7,1,op,0.028030466,+0.009089,0.010876613,0.999882,nan,True
100,0.5,0,1,point,0.027786070,+0.000291,0.009821644,0.999904,nan,True
100,0.5,1,1,point,0.031420340,+0.131123,0.009821644,0.999904,nan,True
100,0.5,2,1,point,0.029081932,+0.046941,0.009821644,0.999904,nan,True
100,0.5,3,1,point,0.027073977,-0.025345,0.009821644,0.999904,nan,True
100,0.5,4,1,point,0.031887037,+0.147924,0.009821644,0.999904,nan,True
100,0.5,5,1,point,0.026294248,-0.053415,0.009821644,0.999904,nan,True
100,0.5,6,1,point,0.025154917,-0.094430,0.009821644,0.999904,nan,True
100,0.5,7,1,point,0.027235724,-0.019522,0.009821644,0.999904,nan,True
100,0.5,0,2,op,0.028062993,+0.010260,0.007707612,0.999941,0.9136,True
100,0.5,1,2,op,0.029464673,+0.060720,0.007707612,0.999941,0.6365,True
100,0.5,2,2,op,0.026784112,-0.035780,0.007707612,0.999941,0.4595,True
100,0.5,3,2,op,0.026480103,-0.046724,0.007707612,0.999941,0.5375,True
100,0.5,4,2,op,0.028669879,+0.032107,0.007707612,0.999941,0.2363,True
100,0.5,5,2,op,0.026619449,-0.041708,0.007707612,0.999941,1.2200,True
100,0.5,6,2,op,0.026622255,-0.041606,0.007707612,0.999941,0.3623,True
100,0.5,7,2,op,0.028320558,+0.019532,0.007707612,0.999941,0.9741,True
100,0.5,0,2,point,0.030157513,+0.085662,0.007962775,0.999937,0.9412,True
100,0.5,1,2,point,0.031500713,+0.134017,0.007962775,0.999937,0.3971,True
100,0.5,2,2,point,0.028092201,+0.011311,0.007962775,0.999937,0.2860,True
100,0.5,3,2,point,0.026775621,-0.036085,0.007962775,0.999937,0.3993,True
100,0.5,4,2,point,0.029616217,+0.066175,0.007962775,0.999937,0.0833,True
100,0.5,5,2,point,0.027767482,-0.000379,0.007962775,0.999937,1.0244,True
100,0.5,6,2,point,0.029750126,+0.070996,0.007962775,0.999937,0.1598,True
100,0.5,7,2,point,0.031180754,+0.122498,0.007962775,0.999937,0.7847,True
100,0.5,0,3,op,0.028399963,+0.022390,0.006541535,0.999957,0.7238,True
100,0.5,1,3,op,0.029649139,+0.067360,0.006541535,0.999957,0.3545,True
100,0.5,2,3,op,0.026928822,-0.030570,0.006541535,0.999957,0.2308,True
100,0.5,3,3,op,0.026815111,-0.034664,0.006541535,0.999957,0.5289,True
100,0.5,4,3,op,0.028764265,+0.035505,0.006541535,0.999957,0.1031,True
100,0.5,5,3,op,0.026854989,-0.033228,0.006541535,0.999957,0.9500,True
100,0.5,6,3,op,0.027259915,-0.018651,0.006541535,0.999957,0.3629,True
100,0.5,7,3,op,0.028738343,+0.034572,0.006541535,0.999957,0.7421,True
100,0.5,0,3,point,0.030245350,+0.088824,0.006713806,0.999955,0.5842,True
100,0.5,1,3,point,0.031658640,+0.139702,0.006713806,0.999955,0.2866,True
100,0.5,2,3,point,0.028905808,+0.040601,0.006713806,0.999955,0.2027,True
100,0.5,3,3,point,0.028443060,+0.023942,0.006713806,0.999955,0.4875,True
100,0.5,4,3,point,0.030217962,+0.087838,0.006713806,0.999955,0.1494,True
100,0.5,5,3,point,0.028397445,+0.022300,0.006713806,0.999955,0.8611,True
100,0.5,6,3,point,0.028817061,+0.037406,0.006713806,0.999955,0.2708,True
100,0.5,7,3,point,0.030753733,+0.107126,0.006713806,0.999955,0.6136,True
100,0.5,0,4,op,0.028926754,+0.041355,0.005758145,0.999967,0.7706,True
100,0.5,1,4,op,0.030208592,+0.087501,0.005758145,0.999967,0.4348,True
100,0.5,2,4,op,0.027509485,-0.009666,0.005758145,0.999967,0.2958,True
100,0.5,3,4,op,0.027232015,-0.019655,0.005758145,0.999967,0.6065,True
100,0.5,4,4,op,0.029210553,+0.051571,0.005758145,0.999967,0.1562,True
100,0.5,5,4,op,0.027550571,-0.008187,0.005758145,0.999967,1.0365,True
100,0.5,6,4,op,0.027521758,-0.009225,0.005758145,0.999967,0.3972,True
100,0.5,7,4,op,0.029276955,+0.053962,0.005758145,0.999967,0.7956,True
100,0.5,0,4,point,0.027213673,-0.020316,0.005746857,0.999967,1.0769,True
100,0.5,1,4,point,0.028059632,+0.010139,0.005746857,0.999967,0.7136,True
100,0.5,2,4,point,0.025465511,-0.083249,0.005746857,0.999967,0.5164,True
100,0.5,3,4,point,0.025477300,-0.082825,0.005746857,0.999967,0.8132,True
100,0.5,4,4,point,0.026980120,-0.028723,0.005746857,0.999967,0.3073,True
100,0.5,5,4,point,0.026064835,-0.061673,0.005746857,0.999967,1.3532,True
100,0.5,6,4,point,0.025769681,-0.072299,0.005746857,0.999967,0.6136,True
100,0.5,7,4,point,0.027561726,-0.007786,0.005746857,0.999967,1.1479,True
100,1.0,0,1,op,0.026938753,-0.030213,0.010876613,0.999882,nan,True
100,1.0,1,1,op,0.029752704,+0.071089,0.010876613,0.999882,nan,True
100,1.0,2,1,op,0.025100466,-0.096390,0.010876613,0.999882,nan,True
100,1.0,3,1,op,0.025120357,-0.095674,0.010876613,0.999882,nan,True
100,1.0,4,1,op,0.029282513,+0.054162,0.010876613,0.999882,nan,True
100,1.0,5,1,op,0.023649171,-0.148637,0.010876613,0.999882,nan,True
100,1.0,6,1,op,0.025437870,-0.084244,0.010876613,0.999882,nan,True
100,1.0,7,1,op,0.028001565,+0.008048,0.010876613,0.999882,nan,True
100,1.0,0,1,point,0.025646766,-0.076724,0.009821644,0.999904,nan,True
100,1.0,1,1,point,0.032259687,+0.161339,0.009821644,0.999904,nan,True
100,1.0,2,1,point,0.028372118,+0.021388,0.009821644,0.999904,nan,True
100,1.0,3,1,point,0.025567851,-0.079565,0.009821644,0.999904,nan,True
100,1.0,4,1,point,0.034382344,+0.237754,0.009821644,0.999904,nan,True
100,1.0,5,1,point,0.022436788,-0.192282,0.009821644,0.999904,nan,True
100,1.0,6,1,point,0.022368144,-0.194753,0.009821644,0.999904,nan,True
100,1.0,7,1,point,0.025130521,-0.095308,0.009821644,0.999904,nan,True
100,1.0,0,2,op,0.027082442,-0.025040,0.007707612,0.999941,1.0638,True
100,1.0,1,2,op,0.029935756,+0.077679,0.007707612,0.999941,0.5634,True
100,1.0,2,2,op,0.025343641,-0.087636,0.007707612,0.999941,0.2661,True
100,1.0,3,2,op,0.025252320,-0.090924,0.007707612,0.999941,0.5371,True
100,1.0,4,2,op,0.029355280,+0.056782,0.007707612,0.999941,0.0683,True
100,1.0,5,2,op,0.024000459,-0.135990,0.007707612,0.999941,1.5370,True
100,1.0,6,2,op,0.025439252,-0.084194,0.007707612,0.999941,0.2539,True
100,1.0,7,2,op,0.028369893,+0.021308,0.007707612,0.999941,1.4388,True
100,1.0,0,2,point,0.029706835,+0.069437,0.007962775,0.999937,1.2535,True
100,1.0,1,2,point,0.032297601,+0.162704,0.007962775,0.999937,0.2616,True
100,1.0,2,2,point,0.026571019,-0.043451,0.007962775,0.999937,0.0885,True
100,1.0,3,2,point,0.024608092,-0.114116,0.007962775,0.999937,0.4335,True
100,1.0,4,2,point,0.029693827,+0.068969,0.007962775,0.999937,0.0054,True
100,1.0,5,2,point,0.024675376,-0.111694,0.007962775,0.999937,1.2695,True
100,1.0,6,2,point,0.029439132,+0.059800,0.007962775,0.999937,0.0603,True
100,1.0,7,2,point,0.031965966,+0.150766,0.007962775,0.999937,1.2470,True
100,1.0,0,3,op,0.027504184,-0.009857,0.006541535,0.999957,0.8719,True
100,1.0,1,3,op,0.030139867,+0.085027,0.006541535,0.999957,0.2738,True
100,1.0,2,3,op,0.025463811,-0.083310,0.006541535,0.999957,0.0687,True
100,1.0,3,3,op,0.025620283,-0.077677,0.006541535,0.999957,0.6542,True
100,1.0,4,3,op,0.029299313,+0.054767,0.006541535,0.999957,0.0182,True
100,1.0,5,3,op,0.024312797,-0.124746,0.006541535,0.999957,1.3180,True
100,1.0,6,3,op,0.026313397,-0.052725,0.006541535,0.999957,0.3943,True
100,1.0,7,3,op,0.028948750,+0.042147,0.006541535,0.999957,1.2591,True
100,1.0,0,3,point,0.029214525,+0.051714,0.006713806,0.999955,0.6564,True
100,1.0,1,3,point,0.032229619,+0.160257,0.006713806,0.999955,0.1996,True
100,1.0,2,3,point,0.027394402,-0.013809,0.006713806,0.999955,0.0735,True
100,1.0,3,3,point,0.027145460,-0.022771,0.006713806,0.999955,0.6352,True
100,1.0,4,3,point,0.030379333,+0.093647,0.006713806,0.999955,0.2201,True
100,1.0,5,3,point,0.025602820,-0.078306,0.006713806,0.999955,1.1963,True
100,1.0,6,3,point,0.027808894,+0.001112,0.006713806,0.999955,0.3361,True
100,1.0,7,3,point,0.031062703,+0.118248,0.006713806,0.999955,1.1430,True
100,1.0,0,4,op,0.028031903,+0.009140,0.005758145,0.999967,0.9074,True
100,1.0,1,4,op,0.030683435,+0.104595,0.005758145,0.999967,0.3624,True
100,1.0,2,4,op,0.026049347,-0.062231,0.005758145,0.999967,0.1300,True
100,1.0,3,4,op,0.025997246,-0.064107,0.005758145,0.999967,0.7636,True
100,1.0,4,4,op,0.029735149,+0.070457,0.005758145,0.999967,0.0646,True
100,1.0,5,4,op,0.025098419,-0.096464,0.005758145,0.999967,1.4420,True
100,1.0,6,4,op,0.026437531,-0.048256,0.005758145,0.999967,0.4147,True
100,1.0,7,4,op,0.029511647,+0.062411,0.005758145,0.999967,1.3023,True
100,1.0,0,4,point,0.026529454,-0.044947,0.005746857,0.999967,1.2284,True
100,1.0,1,4,point,0.028387524,+0.021943,0.005746857,0.999967,0.6399,True
100,1.0,2,4,point,0.023952323,-0.137723,0.005746857,0.999967,0.3061,True
100,1.0,3,4,point,0.024358832,-0.123089,0.005746857,0.999967,0.9557,True
100,1.0,4,4,point,0.027251050,-0.018970,0.005746857,0.999967,0.1597,True
100,1.0,5,4,point,0.023956740,-0.137564,0.005746857,0.999967,1.7476,True
100,1.0,6,4,point,0.024818662,-0.106535,0.005746857,0.999967,0.6285,True
100,1.0,7,4,point,0.028036314,+0.009299,0.005746857,0.999967,1.7490,True
100,2.0,0,1,op,0.025062943,-0.097741,0.010876613,0.999882,nan,True
100,2.0,1,1,op,0.030148093,+0.085323,0.010876613,0.999882,nan,True
100,2.0,2,1,op,0.023391176,-0.157924,0.010876613,0.999882,nan,True
100,2.0,3,1,op,0.023715154,-0.146261,0.010876613,0.999882,nan,True
100,2.0,4,1,op,0.030865749,+0.111158,0.010876613,0.999882,nan,True
100,2.0,5,1,op,0.018119247,-0.347712,0.010876613,0.999882,nan,True
100,2.0,6,1,op,0.024531775,-0.116863,0.010876613,0.999882,nan,True
100,2.0,7,1,op,0.028290451,+0.018448,0.010876613,0.999882,nan,True
100,2.0,0,1,point,0.022290903,-0.197534,0.009821644,0.999904,nan,True
100,2.0,1,1,point,0.032700861,+0.177222,0.009821644,0.999904,nan,True
100,2.0,2,1,point,0.027116309,-0.023821,0.009821644,0.999904,nan,True
100,2.0,3,1,point,0.023843106,-0.141655,0.009821644,0.999904,nan,True
100,2.0,4,1,point,0.038750312,+0.395000,0.009821644,0.999904,nan,True
100,2.0,5,1,point,0.015331312,-0.448077,0.009821644,0.999904,nan,True
100,2.0,6,1,point,0.019896258,-0.283740,0.009821644,0.999904,nan,True
100,2.0,7,1,point,0.022515465,-0.189450,0.009821644,0.999904,nan,True
100,2.0,0,2,op,0.025176671,-0.093647,0.007707612,0.999941,1.1512,True
100,2.0,1,2,op,0.030272663,+0.089807,0.007707612,0.999941,0.4386,True
100,2.0,2,2,op,0.023619991,-0.149687,0.007707612,0.999941,0.0910,True
100,2.0,3,2,op,0.023886846,-0.140080,0.007707612,0.999941,0.6098,True
100,2.0,4,2,op,0.030969721,+0.114901,0.007707612,0.999941,0.0048,True
100,2.0,5,2,op,0.018302240,-0.341125,0.007707612,0.999941,1.4807,True
100,2.0,6,2,op,0.024478623,-0.118777,0.007707612,0.999941,0.1779,True
100,2.0,7,2,op,0.028813260,+0.037269,0.007707612,0.999941,2.5741,True
100,2.0,0,2,point,0.028587308,+0.029135,0.007962775,0.999937,1.5190,True
100,2.0,1,2,point,0.033136170,+0.192893,0.007962775,0.999937,0.1085,True
100,2.0,2,2,point,0.025064816,-0.097674,0.007962775,0.999937,0.0011,True
100,2.0,3,2,point,0.022459020,-0.191482,0.007962775,0.999937,0.5631,True
100,2.0,4,2,point,0.030459698,+0.096540,0.007962775,0.999937,0.2264,True
100,2.0,5,2,point,0.018229131,-0.343757,0.007962775,0.999937,1.1428,True
100,2.0,6,2,point,0.029368214,+0.057247,0.007962775,0.999937,0.0144,True
100,2.0,7,2,point,0.033109550,+0.191934,0.007962775,0.999937,2.5587,True
100,2.0,0,3,op,0.025699877,-0.074812,0.006541535,0.999957,0.9510,True
100,2.0,1,3,op,0.030548580,+0.099740,0.006541535,0.999957,0.1844,True
100,2.0,2,3,op,0.023754181,-0.144856,0.006541535,0.999957,0.0012,True
100,2.0,3,3,op,0.024263543,-0.126519,0.006541535,0.999957,0.8516,True
100,2.0,4,3,op,0.030606748,+0.101834,0.006541535,0.999957,0.1679,True
100,2.0,5,3,op,0.018780688,-0.323901,0.006541535,0.999957,1.5037,True
100,2.0,6,3,op,0.025561921,-0.079778,0.006541535,0.999957,0.4693,True
100,2.0,7,3,op,0.029560412,+0.064166,0.006541535,0.999957,2.5650,True
100,2.0,0,3,point,0.027088178,-0.024833,0.006713806,0.999955,0.6641,True
100,2.0,1,3,point,0.032667460,+0.176019,0.006713806,0.999955,0.1038,True
100,2.0,2,3,point,0.025450426,-0.083792,0.006713806,0.999955,0.0732,True
100,2.0,3,3,point,0.025718489,-0.074142,0.006713806,0.999955,0.8566,True
100,2.0,4,3,point,0.031246437,+0.124863,0.006713806,0.999955,0.7445,True
100,2.0,5,3,point,0.019604544,-0.294242,0.006713806,0.999955,1.3528,True
100,2.0,6,3,point,0.027104193,-0.024257,0.006713806,0.999955,0.4920,True
100,2.0,7,3,point,0.031779401,+0.144049,0.006713806,0.999955,2.6002,True
100,2.0,0,4,op,0.026219796,-0.056095,0.005758145,0.999967,0.9826,True
100,2.0,1,4,op,0.031034107,+0.117219,0.005758145,0.999967,0.2693,True
100,2.0,2,4,op,0.024309834,-0.124853,0.005758145,0.999967,0.0514,True
100,2.0,3,4,op,0.024631515,-0.113273,0.005758145,0.999967,0.9930,True
100,2.0,4,4,op,0.031164265,+0.121905,0.005758145,0.999967,0.2316,True
100,2.0,5,4,op,0.019625313,-0.293494,0.005758145,0.999967,1.7354,True
100,2.0,6,4,op,0.025573781,-0.079351,0.005758145,0.999967,0.4771,True
100,2.0,7,4,op,0.030218350,+0.087852,0.005758145,0.999967,2.5820,True
100,2.0,0,4,point,0.025012418,-0.099560,0.005746857,0.999967,1.2976,True
100,2.0,1,4,point,0.028593070,+0.029342,0.005746857,0.999967,0.5309,True
100,2.0,2,4,point,0.022219317,-0.200111,0.005746857,0.999967,0.1870,True
100,2.0,3,4,point,0.023127544,-0.167415,0.005746857,0.999967,1.1826,True
100,2.0,4,4,point,0.028347637,+0.020507,0.005746857,0.999967,0.3317,True
100,2.0,5,4,point,0.018882585,-0.320232,0.005746857,0.999967,1.9093,True
100,2.0,6,4,point,0.024086107,-0.132907,0.005746857,0.999967,0.7087,True
100,2.0,7,4,point,0.029119607,+0.048297,0.005746857,0.999967,3.2048,True
250,0.5,0,1,op,0.027999192,+0.007963,0.010876613,0.999882,nan,True
250,0.5,1,1,op,0.029618217,+0.066247,0.010876613,0.999882,nan,True
250,0.5,2,1,op,0.025793765,-0.071432,0.010876613,0.999882,nan,True
250,0.5,3,1,op,0.025100894,-0.096375,0.010876613,0.999882,nan,True
250,0.5,4,1,op,0.027962562,+0.006644,0.010876613,0.999882,nan,True
250,0.5,5,1,op,0.026112700,-0.059950,0.010876613,0.999882,nan,True
250,0.5,6,1,op,0.026807953,-0.034921,0.010876613,0.999882,nan,True
250,0.5,7,1,op,0.028478711,+0.025225,0.010876613,0.999882,nan,True
250,0.5,0,1,point,0.027949071,+0.006159,0.009821644,0.999904,nan,True
250,0.5,1,1,point,0.032143949,+0.157173,0.009821644,0.999904,nan,True
250,0.5,2,1,point,0.027607492,-0.006138,0.009821644,0.999904,nan,True
250,0.5,3,1,point,0.024798294,-0.107269,0.009821644,0.999904,nan,True
250,0.5,4,1,point,0.031247537,+0.124902,0.009821644,0.999904,nan,True
250,0.5,5,1,point,0.025325709,-0.088282,0.009821644,0.999904,nan,True
250,0.5,6,1,point,0.025586609,-0.078889,0.009821644,0.999904,nan,True
250,0.5,7,1,point,0.027659475,-0.004267,0.009821644,0.999904,nan,True
250,0.5,0,2,op,0.028134161,+0.012822,0.007707612,0.999941,0.9344,True
250,0.5,1,2,op,0.029772589,+0.071805,0.007707612,0.999941,0.4538,True
250,0.5,2,2,op,0.026078286,-0.061189,0.007707612,0.999941,0.4625,True
250,0.5,3,2,op,0.025251395,-0.090957,0.007707612,0.999941,0.6486,True
250,0.5,4,2,op,0.028078728,+0.010826,0.007707612,0.999941,0.2201,True
250,0.5,5,2,op,0.026508223,-0.045712,0.007707612,0.999941,1.6720,True
250,0.5,6,2,op,0.026809035,-0.034882,0.007707612,0.999941,0.2757,True
250,0.5,7,2,op,0.028723346,+0.034032,0.007707612,0.999941,0.8695,True
250,0.5,0,2,point,0.029786768,+0.072315,0.007962775,0.999937,0.9725,True
250,0.5,1,2,point,0.031838183,+0.146165,0.007962775,0.999937,0.2141,True
250,0.5,2,2,point,0.027917577,+0.005025,0.007962775,0.999937,0.2866,True
250,0.5,3,2,point,0.025753129,-0.072895,0.007962775,0.999937,0.5126,True
250,0.5,4,2,point,0.029015782,+0.044560,0.007962775,0.999937,0.0740,True
250,0.5,5,2,point,0.027638553,-0.005020,0.007962775,0.999937,1.6383,True
250,0.5,6,2,point,0.029924815,+0.077285,0.007962775,0.999937,0.0838,True
250,0.5,7,2,point,0.031898886,+0.148351,0.007962775,0.999937,0.6554,True
250,0.5,0,3,op,0.028483324,+0.025391,0.006541535,0.999957,0.7851,True
250,0.5,1,3,op,0.029968574,+0.078860,0.006541535,0.999957,0.2218,True
250,0.5,2,3,op,0.026262351,-0.054563,0.006541535,0.999957,0.2165,True
250,0.5,3,3,op,0.025679784,-0.075535,0.006541535,0.999957,0.6926,True
250,0.5,4,3,op,0.028183323,+0.014592,0.006541535,0.999957,0.0925,True
250,0.5,5,3,op,0.026774956,-0.036109,0.006541535,0.999957,1.4464,True
250,0.5,6,3,op,0.027486933,-0.010478,0.006541535,0.999957,0.2898,True
250,0.5,7,3,op,0.029184484,+0.050633,0.006541535,0.999957,0.6345,True
250,0.5,0,3,point,0.030329491,+0.091853,0.006713806,0.999955,0.6567,True
250,0.5,1,3,point,0.031944971,+0.150010,0.006713806,0.999955,0.1763,True
250,0.5,2,3,point,0.028118109,+0.012244,0.006713806,0.999955,0.1595,True
250,0.5,3,3,point,0.027209539,-0.020464,0.006713806,0.999955,0.6336,True
250,0.5,4,3,point,0.029709243,+0.069524,0.006713806,0.999955,0.1286,True
250,0.5,5,3,point,0.028330427,+0.019887,0.006713806,0.999955,1.3732,True
250,0.5,6,3,point,0.029077783,+0.046792,0.006713806,0.999955,0.1968,True
250,0.5,7,3,point,0.031245836,+0.124841,0.006713806,0.999955,0.4968,True
250,0.5,0,4,op,0.029004579,+0.044157,0.005758145,0.999967,0.8365,True
250,0.5,1,4,op,0.030466671,+0.096791,0.005758145,0.999967,0.2940,True
250,0.5,2,4,op,0.026832640,-0.034033,0.005758145,0.999967,0.2799,True
250,0.5,3,4,op,0.026094594,-0.060602,0.005758145,0.999967,0.7830,True
250,0.5,4,4,op,0.028618255,+0.030249,0.005758145,0.999967,0.1421,True
250,0.5,5,4,op,0.027531129,-0.008887,0.005758145,0.999967,1.5242,True
250,0.5,6,4,op,0.027707462,-0.002539,0.005758145,0.999967,0.3221,True
250,0.5,7,4,op,0.029692778,+0.068931,0.005758145,0.999967,0.6894,True
250,0.5,0,4,point,0.027293942,-0.017426,0.005746857,0.999967,1.1345,True
250,0.5,1,4,point,0.028225596,+0.016113,0.005746857,0.999967,0.5432,True
250,0.5,2,4,point,0.024937246,-0.102266,0.005746857,0.999967,0.5028,True
250,0.5,3,4,point,0.024491462,-0.118314,0.005746857,0.999967,0.9979,True
250,0.5,4,4,point,0.026425277,-0.048698,0.005746857,0.999967,0.2884,True
250,0.5,5,4,point,0.026141036,-0.058930,0.005746857,0.999967,1.8721,True
250,0.5,6,4,point,0.025895474,-0.067770,0.005746857,0.999967,0.5265,True
250,0.5,7,4,point,0.027937652,+0.005747,0.005746857,0.999967,1.0397,True
250,1.0,0,1,op,0.026900475,-0.031591,0.010876613,0.999882,nan,True
250,1.0,1,1,op,0.030466707,+0.096793,0.010876613,0.999882,nan,True
250,1.0,2,1,op,0.024179055,-0.129561,0.010876613,0.999882,nan,True
250,1.0,3,1,op,0.022930352,-0.174514,0.010876613,0.999882,nan,True
250,1.0,4,1,op,0.027888860,+0.003991,0.010876613,0.999882,nan,True
250,1.0,5,1,op,0.022925119,-0.174702,0.010876613,0.999882,nan,True
250,1.0,6,1,op,0.025760498,-0.072629,0.010876613,0.999882,nan,True
250,1.0,7,1,op,0.028521350,+0.026760,0.010876613,0.999882,nan,True
250,1.0,0,1,point,0.025731963,-0.073657,0.009821644,0.999904,nan,True
250,1.0,1,1,point,0.033596618,+0.209469,0.009821644,0.999904,nan,True
250,1.0,2,1,point,0.026472357,-0.047003,0.009821644,0.999904,nan,True
250,1.0,3,1,point,0.021480690,-0.226701,0.009821644,0.999904,nan,True
250,1.0,4,1,point,0.032462076,+0.168625,0.009821644,0.999904,nan,True
250,1.0,5,1,point,0.019994420,-0.280207,0.009821644,0.999904,nan,True
250,1.0,6,1,point,0.022925106,-0.174703,0.009821644,0.999904,nan,True
250,1.0,7,1,point,0.025769113,-0.072319,0.009821644,0.999904,nan,True
250,1.0,0,2,op,0.026971324,-0.029040,0.007707612,0.999941,1.0324,True
250,1.0,1,2,op,0.030533071,+0.099182,0.007707612,0.999941,0.2782,True
250,1.0,2,2,op,0.024499301,-0.118032,0.007707612,0.999941,0.2824,True
250,1.0,3,2,op,0.023073218,-0.169371,0.007707612,0.999941,0.7444,True
250,1.0,4,2,op,0.027973201,+0.007027,0.007707612,0.999941,0.0759,True
250,1.0,5,2,op,0.023328535,-0.160179,0.007707612,0.999941,2.3279,True
250,1.0,6,2,op,0.025644848,-0.076793,0.007707612,0.999941,0.1368,True
250,1.0,7,2,op,0.028812513,+0.037242,0.007707612,0.999941,1.1700,True
250,1.0,0,2,point,0.028856715,+0.038833,0.007962775,0.999937,1.2079,True
250,1.0,1,2,point,0.032955287,+0.186381,0.007962775,0.999937,0.0409,True
250,1.0,2,2,point,0.026524329,-0.045132,0.007962775,0.999937,0.1047,True
250,1.0,3,2,point,0.022807814,-0.178925,0.007962775,0.999937,0.6370,True
250,1.0,4,2,point,0.028378422,+0.021615,0.007962775,0.999937,0.0010,True
250,1.0,5,2,point,0.024008444,-0.135703,0.007962775,0.999937,2.3227,True
250,1.0,6,2,point,0.029632839,+0.066774,0.007962775,0.999937,0.0033,True
250,1.0,7,2,point,0.032875995,+0.183526,0.007962775,0.999937,0.9340,True
250,1.0,0,3,op,0.027424037,-0.012743,0.006541535,0.999957,0.9163,True
250,1.0,1,3,op,0.030771867,+0.107778,0.006541535,0.999957,0.0932,True
250,1.0,2,3,op,0.024647105,-0.112711,0.006541535,0.999957,0.0621,True
250,1.0,3,3,op,0.023615050,-0.149865,0.006541535,0.999957,0.9936,True
250,1.0,4,3,op,0.027974059,+0.007058,0.006541535,0.999957,0.0150,True
250,1.0,5,3,op,0.023767321,-0.144383,0.006541535,0.999957,2.3285,True
250,1.0,6,3,op,0.026594397,-0.042609,0.006541535,0.999957,0.3019,True
250,1.0,7,3,op,0.029447564,+0.060104,0.006541535,0.999957,0.9804,True
250,1.0,0,3,point,0.029174548,+0.050275,0.006713806,0.999955,0.7134,True
250,1.0,1,3,point,0.032816564,+0.181387,0.006713806,0.999955,0.0683,True
250,1.0,2,3,point,0.026379832,-0.050334,0.006713806,0.999955,0.0343,True
250,1.0,3,3,point,0.024925601,-0.102686,0.006713806,0.999955,0.9533,True
250,1.0,4,3,point,0.029237199,+0.052531,0.006713806,0.999955,0.1541,True
250,1.0,5,3,point,0.025027600,-0.099014,0.006713806,0.999955,2.2517,True
250,1.0,6,3,point,0.028114558,+0.012116,0.006713806,0.999955,0.2505,True
250,1.0,7,3,point,0.031617981,+0.138238,0.006713806,0.999955,0.8490,True
250,1.0,0,4,op,0.027933852,+0.005611,0.005758145,0.999967,0.9611,True
250,1.0,1,4,op,0.031201418,+0.123242,0.005758145,0.999967,0.1590,True
250,1.0,2,4,op,0.025229350,-0.091751,0.005758145,0.999967,0.1284,True
250,1.0,3,4,op,0.023992892,-0.136263,0.005758145,0.999967,1.1419,True
250,1.0,4,4,op,0.028380633,+0.021695,0.005758145,0.999967,0.0522,True
250,1.0,5,4,op,0.024611961,-0.113976,0.005758145,0.999967,2.4560,True
250,1.0,6,4,op,0.026641436,-0.040916,0.005758145,0.999967,0.3154,True
250,1.0,7,4,op,0.029951459,+0.078244,0.005758145,0.999967,1.0248,True
250,1.0,0,4,point,0.026427777,-0.048608,0.005746857,0.999967,1.2596,True
250,1.0,1,4,point,0.028726352,+0.034140,0.005746857,0.999967,0.3823,True
250,1.0,2,4,point,0.023343685,-0.159634,0.005746857,0.999967,0.3164,True
250,1.0,3,4,point,0.022623838,-0.185548,0.005746857,0.999967,1.3451,True
250,1.0,4,4,point,0.026027935,-0.063002,0.005746857,0.999967,0.1427,True
250,1.0,5,4,point,0.023648881,-0.148647,0.005746857,0.999967,2.7830,True
250,1.0,6,4,point,0.024933918,-0.102386,0.005746857,0.999967,0.5085,True
250,1.0,7,4,point,0.028397029,+0.022285,0.005746857,0.999967,1.4544,True
250,2.0,0,1,op,0.024690631,-0.111144,0.010876613,0.999882,nan,True
250,2.0,1,1,op,0.031412210,+0.130831,0.010876613,0.999882,nan,True
250,2.0,2,1,op,0.022723220,-0.181971,0.010876613,0.999882,nan,True
250,2.0,3,1,op,0.020622909,-0.257581,0.010876613,0.999882,nan,True
250,2.0,4,1,op,0.028119557,+0.012296,0.010876613,0.999882,nan,True
250,2.0,5,1,op,0.017462980,-0.371338,0.010876613,0.999882,nan,True
250,2.0,6,1,op,0.024823382,-0.106365,0.010876613,0.999882,nan,True
250,2.0,7,1,op,0.028583781,+0.029008,0.010876613,0.999882,nan,True
250,2.0,0,1,point,0.022054745,-0.206036,0.009821644,0.999904,nan,True
250,2.0,1,1,point,0.034855703,+0.254795,0.009821644,0.999904,nan,True
250,2.0,2,1,point,0.025598031,-0.078478,0.009821644,0.999904,nan,True
250,2.0,3,1,point,0.017871370,-0.356636,0.009821644,0.999904,nan,True
250,2.0,4,1,point,0.034235783,+0.232478,0.009821644,0.999904,nan,True
250,2.0,5,1,point,0.012409113,-0.553276,0.009821644,0.999904,nan,True
250,2.0,6,1,point,0.020452344,-0.263722,0.009821644,0.999904,nan,True
250,2.0,7,1,point,0.023319141,-0.160518,0.009821644,0.999904,nan,True
250,2.0,0,2,op,0.024678769,-0.111571,0.007707612,0.999941,0.9588,True
250,2.0,1,2,op,0.031331002,+0.127907,0.007707612,0.999941,0.0968,True
250,2.0,2,2,op,0.023061504,-0.169793,0.007707612,0.999941,0.1196,True
250,2.0,3,2,op,0.020787775,-0.251646,0.007707612,0.999941,0.9494,True
250,2.0,4,2,op,0.028228204,+0.016207,0.007707612,0.999941,0.0174,True
250,2.0,5,2,op,0.017689291,-0.363191,0.007707612,0.999941,2.3445,True
250,2.0,6,2,op,0.024606352,-0.114178,0.007707612,0.999941,0.0561,True
250,2.0,7,2,op,0.028981957,+0.043342,0.007707612,0.999941,1.8747,True
250,2.0,0,2,point,0.027173445,-0.021764,0.007962775,0.999937,1.2149,True
250,2.0,1,2,point,0.034371082,+0.237349,0.007962775,0.999937,0.0332,True
250,2.0,2,2,point,0.025333855,-0.087989,0.007962775,0.999937,0.0042,True
250,2.0,3,2,point,0.019895574,-0.283765,0.007962775,0.999937,0.8835,True
250,2.0,4,2,point,0.028063249,+0.010269,0.007962775,0.999937,0.0794,True
250,2.0,5,2,point,0.017722300,-0.362002,0.007962775,0.999937,2.2221,True
250,2.0,6,2,point,0.029465285,+0.060742,0.007962775,0.999937,0.0252,True
250,2.0,7,2,point,0.033813583,+0.217279,0.007962775,0.999937,1.7281,True
250,2.0,0,3,op,0.025274550,-0.090123,0.006541535,0.999957,0.8794,True
250,2.0,1,3,op,0.031693001,+0.140939,0.006541535,0.999957,0.0173,True
250,2.0,2,3,op,0.023171606,-0.165829,0.006541535,0.999957,0.0026,True
250,2.0,3,3,op,0.021440035,-0.228165,0.006541535,0.999957,1.4547,True
250,2.0,4,3,op,0.028058042,+0.010081,0.006541535,0.999957,0.0484,True
250,2.0,5,3,op,0.018390716,-0.337940,0.006541535,0.999957,2.7853,True
250,2.0,6,3,op,0.025802776,-0.071108,0.006541535,0.999957,0.3874,True
250,2.0,7,3,op,0.029784892,+0.072248,0.006541535,0.999957,1.8072,True
250,2.0,0,3,point,0.026788553,-0.035620,0.006713806,0.999955,0.6187,True
250,2.0,1,3,point,0.033770523,+0.215729,0.006713806,0.999955,0.0240,True
250,2.0,2,3,point,0.024666412,-0.112016,0.006713806,0.999955,0.0469,True
250,2.0,3,3,point,0.022517487,-0.189377,0.006713806,0.999955,1.4424,True
250,2.0,4,3,point,0.029017364,+0.044617,0.006713806,0.999955,0.3559,True
250,2.0,5,3,point,0.019179909,-0.309529,0.006713806,0.999955,2.7074,True
250,2.0,6,3,point,0.027340964,-0.015733,0.006713806,0.999955,0.4354,True
250,2.0,7,3,point,0.032044561,+0.153595,0.006713806,0.999955,1.7772,True
250,2.0,0,4,op,0.025741703,-0.073306,0.005758145,0.999967,0.9297,True
250,2.0,1,4,op,0.031988167,+0.151565,0.005758145,0.999967,0.0475,True
250,2.0,2,4,op,0.023748473,-0.145062,0.005758145,0.999967,0.0742,True
250,2.0,3,4,op,0.021814268,-0.214693,0.005758145,0.999967,1.6819,True
250,2.0,4,4,op,0.028511025,+0.026389,0.005758145,0.999967,0.0818,True
250,2.0,5,4,op,0.019248970,-0.307043,0.005758145,0.999967,3.0809,True
250,2.0,6,4,op,0.025700973,-0.074772,0.005758145,0.999967,0.3826,True
250,2.0,7,4,op,0.030333680,+0.092004,0.005758145,0.999967,1.8284,True
250,2.0,0,4,point,0.024513831,-0.117509,0.005746857,0.999967,1.2075,True
250,2.0,1,4,point,0.029241586,+0.052689,0.005746857,0.999967,0.2227,True
250,2.0,2,4,point,0.021858099,-0.213115,0.005746857,0.999967,0.2348,True
250,2.0,3,4,point,0.020698008,-0.254878,0.005746857,0.999967,1.8764,True
250,2.0,4,4,point,0.026001559,-0.063951,0.005746857,0.999967,0.1475,True
250,2.0,5,4,point,0.018688534,-0.327218,0.005746857,0.999967,3.2597,True
250,2.0,6,4,point,0.024106515,-0.132172,0.005746857,0.999967,0.5863,True
250,2.0,7,4,point,0.029090858,+0.047263,0.005746857,0.999967,2.3854,True
500,0.5,0,1,op,0.026982536,-0.028636,0.010876613,0.999882,nan,True
500,0.5,1,1,op,0.031435555,+0.131671,0.010876613,0.999882,nan,True
500,0.5,2,1,op,0.031174699,+0.122280,0.010876613,0.999882,nan,True
500,0.5,3,1,op,0.028091658,+0.011292,0.010876613,0.999882,nan,True
500,0.5,4,1,op,0.025197840,-0.092885,0.010876613,0.999882,nan,True
500,0.5,5,1,op,0.026190871,-0.057136,0.010876613,0.999882,nan,True
500,0.5,6,1,op,0.028826113,+0.037732,0.010876613,0.999882,nan,True
500,0.5,7,1,op,0.034364071,+0.237097,0.010876613,0.999882,nan,True
500,0.5,0,1,point,0.027643922,-0.004827,0.009821644,0.999904,nan,True
500,0.5,1,1,point,0.034992845,+0.259732,0.009821644,0.999904,nan,True
500,0.5,2,1,point,0.033243026,+0.196739,0.009821644,0.999904,nan,True
500,0.5,3,1,point,0.030666390,+0.103981,0.009821644,0.999904,nan,True
500,0.5,4,1,point,0.024877773,-0.104407,0.009821644,0.999904,nan,True
500,0.5,5,1,point,0.026290552,-0.053548,0.009821644,0.999904,nan,True
500,0.5,6,1,point,0.029320649,+0.055535,0.009821644,0.999904,nan,True
500,0.5,7,1,point,0.038198808,+0.375146,0.009821644,0.999904,nan,True
500,0.5,0,2,op,0.027354047,-0.015262,0.007707612,0.999941,1.3072,True
500,0.5,1,2,op,0.031697857,+0.141114,0.007707612,0.999941,0.9333,True
500,0.5,2,2,op,0.031450699,+0.132216,0.007707612,0.999941,0.9038,True
500,0.5,3,2,op,0.027949909,+0.006189,0.007707612,0.999941,0.0325,True
500,0.5,4,2,op,0.025527335,-0.081023,0.007707612,0.999941,0.9571,True
500,0.5,5,2,op,0.026783760,-0.035792,0.007707612,0.999941,1.3841,True
500,0.5,6,2,op,0.029449917,+0.060189,0.007707612,0.999941,2.2506,True
500,0.5,7,2,op,0.034544383,+0.243588,0.007707612,0.999941,0.7215,True
500,0.5,0,2,point,0.028384241,+0.021824,0.007962775,0.999937,1.4698,True
500,0.5,1,2,point,0.032646208,+0.175254,0.007962775,0.999937,0.9367,True
500,0.5,2,2,point,0.033303859,+0.198929,0.007962775,0.999937,0.9325,True
500,0.5,3,2,point,0.029370242,+0.057320,0.007962775,0.999937,0.0058,True
500,0.5,4,2,point,0.027452012,-0.011735,0.007962775,0.999937,0.8373,True
500,0.5,5,2,point,0.028912567,+0.040844,0.007962775,0.999937,1.6558,True
500,0.5,6,2,point,0.030919092,+0.113078,0.007962775,0.999937,3.0341,True
500,0.5,7,2,point,0.035711319,+0.285597,0.007962775,0.999937,0.7387,True
500,0.5,0,3,op,0.027466260,-0.011223,0.006541535,0.999957,1.0745,True
500,0.5,1,3,op,0.031628557,+0.138619,0.006541535,0.999957,0.5613,True
500,0.5,2,3,op,0.031473493,+0.133037,0.006541535,0.999957,0.5541,True
500,0.5,3,3,op,0.028317585,+0.019425,0.006541535,0.999957,0.0138,True
500,0.5,4,3,op,0.025866734,-0.068805,0.006541535,0.999957,0.7811,True
500,0.5,5,3,op,0.026788992,-0.035604,0.006541535,0.999957,0.9680,True
500,0.5,6,3,op,0.029383256,+0.057789,0.006541535,0.999957,1.8706,True
500,0.5,7,3,op,0.034494874,+0.241806,0.006541535,0.999957,0.4836,True
500,0.5,0,3,point,0.029072916,+0.046617,0.006713806,0.999955,1.0259,True
500,0.5,1,3,point,0.033738577,+0.214579,0.006713806,0.999955,0.6020,True
500,0.5,2,3,point,0.033111125,+0.191991,0.006713806,0.999955,0.5327,True
500,0.5,3,3,point,0.029894528,+0.076194,0.006713806,0.999955,0.0182,True
500,0.5,4,3,point,0.027680265,-0.003518,0.006713806,0.999955,0.6860,True
500,0.5,5,3,point,0.028402576,+0.022485,0.006713806,0.999955,0.9463,True
500,0.5,6,3,point,0.031101221,+0.119635,0.006713806,0.999955,1.9307,True
500,0.5,7,3,point,0.036549030,+0.315755,0.006713806,0.999955,0.6127,True
500,0.5,0,4,op,0.028149984,+0.013391,0.005758145,0.999967,1.1228,True
500,0.5,1,4,op,0.032340518,+0.164249,0.005758145,0.999967,0.6446,True
500,0.5,2,4,op,0.032125196,+0.156498,0.005758145,0.999967,0.6214,True
500,0.5,3,4,op,0.028497335,+0.025896,0.005758145,0.999967,0.0258,True
500,0.5,4,4,op,0.026429264,-0.048554,0.005758145,0.999967,0.8417,True
500,0.5,5,4,op,0.027544616,-0.008402,0.005758145,0.999967,1.0009,True
500,0.5,6,4,op,0.030280455,+0.090088,0.005758145,0.999967,1.8555,True
500,0.5,7,4,op,0.035090322,+0.263241,0.005758145,0.999967,0.5513,True
500,0.5,0,4,point,0.026524324,-0.045132,0.005746857,0.999967,1.4161,True
500,0.5,1,4,point,0.030205580,+0.087392,0.005746857,0.999967,0.9788,True
500,0.5,2,4,point,0.030116474,+0.084184,0.005746857,0.999967,0.9413,True
500,0.5,3,4,point,0.026269111,-0.054320,0.005746857,0.999967,0.1094,True
500,0.5,4,4,point,0.024842978,-0.105660,0.005746857,0.999967,1.1189,True
500,0.5,5,4,point,0.026117970,-0.059761,0.005746857,0.999967,1.3336,True
500,0.5,6,4,point,0.028700229,+0.033200,0.005746857,0.999967,2.2812,True
500,0.5,7,4,point,0.032623552,+0.174438,0.005746857,0.999967,0.8475,True
500,1.0,0,1,op,0.025157624,-0.094333,0.010876613,0.999882,nan,True
500,1.0,1,1,op,0.033901684,+0.220451,0.010876613,0.999882,nan,True
500,1.0,2,1,op,0.033352344,+0.200675,0.010876613,0.999882,nan,True
500,1.0,3,1,op,0.027862887,+0.003056,0.010876613,0.999882,nan,True
500,1.0,4,1,op,0.022603799,-0.186270,0.010876613,0.999882,nan,True
500,1.0,5,1,op,0.024590213,-0.114759,0.010876613,0.999882,nan,True
500,1.0,6,1,op,0.028718270,+0.033849,0.010876613,0.999882,nan,True
500,1.0,7,1,op,0.039426376,+0.419338,0.010876613,0.999882,nan,True
500,1.0,0,1,point,0.024878710,-0.104374,0.009821644,0.999904,nan,True
500,1.0,1,1,point,0.039183545,+0.410596,0.009821644,0.999904,nan,True
500,1.0,2,1,point,0.036205472,+0.303387,0.009821644,0.999904,nan,True
500,1.0,3,1,point,0.030780921,+0.108104,0.009821644,0.999904,nan,True
500,1.0,4,1,point,0.021050063,-0.242204,0.009821644,0.999904,nan,True
500,1.0,5,1,point,0.023865159,-0.140861,0.009821644,0.999904,nan,True
500,1.0,6,1,point,0.027924015,+0.005257,0.009821644,0.999904,nan,True
500,1.0,7,1,point,0.045493119,+0.637739,0.009821644,0.999904,nan,True
500,1.0,0,2,op,0.025634195,-0.077176,0.007707612,0.999941,1.8734,True
500,1.0,1,2,op,0.034238396,+0.232572,0.007707612,0.999941,1.2880,True
500,1.0,2,2,op,0.033723959,+0.214053,0.007707612,0.999941,1.1853,True
500,1.0,3,2,op,0.027471282,-0.011042,0.007707612,0.999941,0.0575,True
500,1.0,4,2,op,0.023005057,-0.171825,0.007707612,0.999941,1.1679,True
500,1.0,5,2,op,0.025391625,-0.085909,0.007707612,0.999941,1.8097,True
500,1.0,6,2,op,0.029556214,+0.064015,0.007707612,0.999941,3.6178,True
500,1.0,7,2,op,0.039548223,+0.423725,0.007707612,0.999941,0.7058,True
500,1.0,0,2,point,0.026278723,-0.053974,0.007962775,0.999937,2.3421,True
500,1.0,1,2,point,0.034603186,+0.245705,0.007962775,0.999937,1.5390,True
500,1.0,2,2,point,0.035649038,+0.283355,0.007962775,0.999937,1.4524,True
500,1.0,3,2,point,0.028698188,+0.033127,0.007962775,0.999937,0.3303,True
500,1.0,4,2,point,0.024910049,-0.103245,0.007962775,0.999937,1.0720,True
500,1.0,5,2,point,0.027862339,+0.003036,0.007962775,0.999937,2.4168,True
500,1.0,6,2,point,0.031299636,+0.126778,0.007962775,0.999937,5.5024,True
500,1.0,7,2,point,0.039981721,+0.439330,0.007962775,0.999937,0.9267,True
500,1.0,0,3,op,0.025735918,-0.073514,0.006541535,0.999957,1.6953,True
500,1.0,1,3,op,0.033903946,+0.220532,0.006541535,0.999957,0.7594,True
500,1.0,2,3,op,0.033523378,+0.206832,0.006541535,0.999957,0.6789,True
500,1.0,3,3,op,0.027980693,+0.007297,0.006541535,0.999957,0.0888,True
500,1.0,4,3,op,0.023431153,-0.156485,0.006541535,0.999957,1.0732,True
500,1.0,5,3,op,0.025296723,-0.089325,0.006541535,0.999957,1.2874,True
500,1.0,6,3,op,0.029423796,+0.059248,0.006541535,0.999957,3.2054,True
500,1.0,7,3,op,0.039261060,+0.413387,0.006541535,0.999957,0.5587,True
500,1.0,0,3,point,0.027110033,-0.024047,0.006713806,0.999955,1.6362,True
500,1.0,1,3,point,0.036295111,+0.306614,0.006713806,0.999955,0.9199,True
500,1.0,2,3,point,0.034964647,+0.258717,0.006713806,0.999955,0.7086,True
500,1.0,3,3,point,0.029260737,+0.053378,0.006713806,0.999955,0.1141,True
500,1.0,4,3,point,0.025130777,-0.095299,0.006713806,0.999955,0.9786,True
500,1.0,5,3,point,0.026794816,-0.035394,0.006713806,0.999955,1.3079,True
500,1.0,6,3,point,0.031071448,+0.118563,0.006713806,0.999955,3.3445,True
500,1.0,7,3,point,0.041418158,+0.491042,0.006713806,0.999955,0.9815,True
500,1.0,0,4,op,0.026504638,-0.045841,0.005758145,0.999967,1.7181,True
500,1.0,1,4,op,0.034794207,+0.252581,0.005758145,0.999967,0.8722,True
500,1.0,2,4,op,0.034309536,+0.235133,0.005758145,0.999967,0.7748,True
500,1.0,3,4,op,0.027895949,+0.004246,0.005758145,0.999967,0.0452,True
500,1.0,4,4,op,0.024001031,-0.135970,0.005758145,0.999967,1.1372,True
500,1.0,5,4,op,0.026155827,-0.058398,0.005758145,0.999967,1.2896,True
500,1.0,6,4,op,0.030490324,+0.097643,0.005758145,0.999967,3.0605,True
500,1.0,7,4,op,0.039879415,+0.435647,0.005758145,0.999967,0.6369,True
500,1.0,0,4,point,0.025155968,-0.094392,0.005746857,0.999967,2.0036,True
500,1.0,1,4,point,0.032550422,+0.171806,0.005746857,0.999967,1.3049,True
500,1.0,2,4,point,0.032245832,+0.160841,0.005746857,0.999967,1.1716,True
500,1.0,3,4,point,0.025553624,-0.080077,0.005746857,0.999967,0.0272,True
500,1.0,4,4,point,0.022687583,-0.183254,0.005746857,0.999967,1.4079,True
500,1.0,5,4,point,0.025013364,-0.099526,0.005746857,0.999967,1.6501,True
500,1.0,6,4,point,0.029184714,+0.050641,0.005746857,0.999967,3.5762,True
500,1.0,7,4,point,0.036940072,+0.329832,0.005746857,0.999967,0.9329,True
500,2.0,0,1,op,0.022445988,-0.191951,0.010876613,0.999882,nan,True
500,2.0,1,1,op,0.036823690,+0.325642,0.010876613,0.999882,nan,True
500,2.0,2,1,op,0.035907275,+0.292652,0.010876613,0.999882,nan,True
500,2.0,3,1,op,0.027547530,-0.008297,0.010876613,0.999882,nan,True
500,2.0,4,1,op,0.019548338,-0.296265,0.010876613,0.999882,nan,True
500,2.0,5,1,op,0.022761545,-0.180591,0.010876613,0.999882,nan,True
500,2.0,6,1,op,0.028228935,+0.016234,0.010876613,0.999882,nan,True
500,2.0,7,1,op,0.045848734,+0.650541,0.010876613,0.999882,nan,True
500,2.0,0,1,point,0.020641624,-0.256907,0.009821644,0.999904,nan,True
500,2.0,1,1,point,0.044039895,+0.585424,0.009821644,0.999904,nan,True
500,2.0,2,1,point,0.040002573,+0.440081,0.009821644,0.999904,nan,True
500,2.0,3,1,point,0.030344950,+0.092409,0.009821644,0.999904,nan,True
500,2.0,4,1,point,0.016619414,-0.401706,0.009821644,0.999904,nan,True
500,2.0,5,1,point,0.021262658,-0.234550,0.009821644,0.999904,nan,True
500,2.0,6,1,point,0.025691108,-0.075128,0.009821644,0.999904,nan,True
500,2.0,7,1,point,0.054872715,+0.975402,0.009821644,0.999904,nan,True
500,2.0,0,2,op,0.023017361,-0.171382,0.007707612,0.999941,2.4926,True
500,2.0,1,2,op,0.037295384,+0.342623,0.007707612,0.999941,1.9487,True
500,2.0,2,2,op,0.036449465,+0.312170,0.007707612,0.999941,1.6469,True
500,2.0,3,2,op,0.026900268,-0.031598,0.007707612,0.999941,0.4217,True
500,2.0,4,2,op,0.020031688,-0.278865,0.007707612,0.999941,1.4221,True
500,2.0,5,2,op,0.023738060,-0.145437,0.007707612,0.999941,2.0972,True
500,2.0,6,2,op,0.029244039,+0.052777,0.007707612,0.999941,5.1088,True
500,2.0,7,2,op,0.045852638,+0.650682,0.007707612,0.999941,0.5830,True
500,2.0,0,2,point,0.023456682,-0.155566,0.007962775,0.999937,3.2578,True
500,2.0,1,2,point,0.037097097,+0.335485,0.007962775,0.999937,2.7613,True
500,2.0,2,2,point,0.038446006,+0.384045,0.007962775,0.999937,2.3545,True
500,2.0,3,2,point,0.027947531,+0.006103,0.007962775,0.999937,1.1033,True
500,2.0,4,2,point,0.021776171,-0.216064,0.007962775,0.999937,1.3805,True
500,2.0,5,2,point,0.026556172,-0.043985,0.007962775,0.999937,2.9740,True
500,2.0,6,2,point,0.031594169,+0.137381,0.007962775,0.999937,8.3459,True
500,2.0,7,2,point,0.045035573,+0.621268,0.007962775,0.999937,1.1287,True
500,2.0,0,3,op,0.023196090,-0.164947,0.006541535,0.999957,2.4574,True
500,2.0,1,3,op,0.036611318,+0.317997,0.006541535,0.999957,1.1527,True
500,2.0,2,3,op,0.035899815,+0.292383,0.006541535,0.999957,0.8751,True
500,2.0,3,3,op,0.027584264,-0.006974,0.006541535,0.999957,0.3995,True
500,2.0,4,3,op,0.020539757,-0.260575,0.006541535,0.999957,1.4644,True
500,2.0,5,3,op,0.023574373,-0.151329,0.006541535,0.999957,1.5165,True
500,2.0,6,3,op,0.029131905,+0.048740,0.006541535,0.999957,4.7233,True
500,2.0,7,3,op,0.045262571,+0.629440,0.006541535,0.999957,0.7212,True
500,2.0,0,3,point,0.024268625,-0.126336,0.006713806,0.999955,2.3637,True
500,2.0,1,3,point,0.039397390,+0.418295,0.006713806,0.999955,1.4875,True
500,2.0,2,3,point,0.037063370,+0.334271,0.006713806,0.999955,1.0002,True
500,2.0,3,3,point,0.028427660,+0.023388,0.006713806,0.999955,0.4160,True
500,2.0,4,3,point,0.022014144,-0.207497,0.006713806,0.999955,1.3965,True
500,2.0,5,3,point,0.024984921,-0.100550,0.006713806,0.999955,1.5849,True
500,2.0,6,3,point,0.030708229,+0.105487,0.006713806,0.999955,4.9229,True
500,2.0,7,3,point,0.047430523,+0.707485,0.006713806,0.999955,1.7217,True
500,2.0,0,4,op,0.024012885,-0.135543,0.005758145,0.999967,2.4497,True
500,2.0,1,4,op,0.037752782,+0.359089,0.005758145,0.999967,1.3236,True
500,2.0,2,4,op,0.036895390,+0.328223,0.005758145,0.999967,1.0619,True
500,2.0,3,4,op,0.027207942,-0.020522,0.005758145,0.999967,0.2992,True
500,2.0,4,4,op,0.021112671,-0.239950,0.005758145,0.999967,1.5352,True
500,2.0,5,4,op,0.024499138,-0.118038,0.005758145,0.999967,1.4865,True
500,2.0,6,4,op,0.030315825,+0.091361,0.005758145,0.999967,4.3988,True
500,2.0,7,4,op,0.045856627,+0.650825,0.005758145,0.999967,0.8281,True
500,2.0,0,4,point,0.023005058,-0.171825,0.005746857,0.999967,2.6905,True
500,2.0,1,4,point,0.035451989,+0.276261,0.005746857,0.999967,1.9419,True
500,2.0,2,4,point,0.034762184,+0.251429,0.005746857,0.999967,1.6118,True
500,2.0,3,4,point,0.024857285,-0.105145,0.005746857,0.999967,0.2064,True
500,2.0,4,4,point,0.020127175,-0.275428,0.005746857,0.999967,1.7839,True
500,2.0,5,4,point,0.023593669,-0.150635,0.005746857,0.999967,1.8554,True
500,2.0,6,4,point,0.029303432,+0.054915,0.005746857,0.999967,4.9723,True
500,2.0,7,4,point,0.042288710,+0.522381,0.005746857,0.999967,1.0803,True
